Date,Location ISO Code,Location,New Cases,New Deaths,New Recovered,New Active Cases,Total Cases,Total Deaths,Total Recovered,Total Active Cases,Location Level,City or Regency,Province,Country,Continent,Island,Time Zone,Special Status,Total Regencies,Total Cities,Total Districts,Total Urban Villages,Total Rural Villages,Area (km2),Population,Population Density,Longitude,Latitude,New Cases per Million,Total Cases per Million,New Deaths per Million,Total Deaths per Million,Total Deaths per 100rb,Case Fatality Rate,Case Recovered Rate,Growth Factor of New Cases,Growth Factor of New Deaths
1,ID-JK,DKI Jakarta,2,0,0,2,39,20,41,-22,Province,,DKI Jakarta,Indonesia,Asia,Jawa,UTC+07:00,Daerah Khusus Ibu Kota,1,5,44,267,,664,10846145,16334.31,106.8361183,-6.204698991,0.18,3.60,0.00,1.84,0.18,51.28%,105.13%,,
2,ID-JK,DKI Jakarta,2,0,0,2,41,20,41,-20,Province,,DKI Jakarta,Indonesia,Asia,Jawa,UTC+07:00,Daerah Khusus Ibu Kota,1,5,44,267,,664,10846145,16334.31,106.8361183,-6.204698991,0.18,3.78,0.00,1.84,0.18,48.78%,100.00%,1.00,1.00
2,IDN,Indonesia,2,0,0,2,2,0,0,2,Country,,,Indonesia,Asia,,,,416,98,7230,8488,74953,1916907,265185520,138.34,113.921327,-0.789275,0.01,0.01,0.00,0.00,0.00,0.00%,0.00%,,
2,ID-RI,Riau,1,0,0,1,2,0,3,-1,Province,,Riau,Indonesia,Asia,Sumatera,UTC+07:00,,10,2,169,268,1591,87024,6074100,69.80,101.8051092,0.511647851,0.16,0.33,0.00,0.00,0.00,0.00%,150.00%,,
3,ID-JK,DKI Jakarta,2,0,0,2,43,20,41,-18,Province,,DKI Jakarta,Indonesia,Asia,Jawa,UTC+07:00,Daerah Khusus Ibu Kota,1,5,44,267,,664,10846145,16334.31,106.8361183,-6.204698991,0.18,3.96,0.00,1.84,0.18,46.51%,95.35%,1.00,1.00
3,IDN,Indonesia,0,0,0,0,2,0,0,2,Country,,,Indonesia,Asia,,,,416,98,7230,8488,74953,1916907,265185520,138.34,113.921327,-0.789275,0.00,0.01,0.00,0.00,0.00,0.00%,0.00%,0.00,1.00
3,ID-JB,Jawa Barat,1,1,0,0,1,1,8,-8,Province,,Jawa Barat,Indonesia,Asia,Jawa,UTC+07:00,,18,9,627,645,5312,35378,45161325,1276.55,107.6037083,-6.920432083,0.02,0.02,0.02,0.02,0.00,100.00%,800.00%,,
3,ID-RI,Riau,0,0,0,0,2,0,3,-1,Province,,Riau,Indonesia,Asia,Sumatera,UTC+07:00,,10,2,169,268,1591,87024,6074100,69.80,101.8051092,0.511647851,0.00,0.33,0.00,0.00,0.00,0.00%,150.00%,0.00,1.00
4,ID-JK,DKI Jakarta,2,0,0,2,45,20,41,-16,Province,,DKI Jakarta,Indonesia,Asia,Jawa,UTC+07:00,Daerah Khusus Ibu Kota,1,5,44,267,,664,10846145,16334.31,106.8361183,-6.204698991,0.18,4.15,0.00,1.84,0.18,44.44%,91.11%,1.00,1.00
4,IDN,Indonesia,0,0,0,0,2,0,0,2,Country,,,Indonesia,Asia,,,,416,98,7230,8488,74953,1916907,265185520,138.34,113.921327,-0.789275,0.00,0.01,0.00,0.00,0.00,0.00%,0.00%,1.00,1.00
4,ID-JB,Jawa Barat,1,0,0,1,2,1,8,-7,Province,,Jawa Barat,Indonesia,Asia,Jawa,UTC+07:00,,18,9,627,645,5312,35378,45161325,1276.55,107.6037083,-6.920432083,0.02,0.04,0.00,0.02,0.00,50.00%,400.00%,1.00,0.00
4,ID-RI,Riau,0,0,0,0,2,0,3,-1,Province,,Riau,Indonesia,Asia,Sumatera,UTC+07:00,,10,2,169,268,1591,87024,6074100,69.80,101.8051092,0.511647851,0.00,0.33,0.00,0.00,0.00,0.00%,150.00%,1.00,1.00
5,ID-JK,DKI Jakarta,0,1,0,-1,45,21,41,-17,Province,,DKI Jakarta,Indonesia,Asia,Jawa,UTC+07:00,Daerah Khusus Ibu Kota,1,5,44,267,,664,10846145,16334.31,106.8361183,-6.204698991,0.00,4.15,0.09,1.94,0.19,46.67%,91.11%,0.00,
5,IDN,Indonesia,0,0,0,0,2,0,0,2,Country,,,Indonesia,Asia,,,,416,98,7230,8488,74953,1916907,265185520,138.34,113.921327,-0.789275,0.00,0.01,0.00,0.00,0.00,0.00%,0.00%,1.00,1.00
5,ID-JB,Jawa Barat,1,0,0,1,3,1,8,-6,Province,,Jawa Barat,Indonesia,Asia,Jawa,UTC+07:00,,18,9,627,645,5312,35378,45161325,1276.55,107.6037083,-6.920432083,0.02,0.07,0.00,0.02,0.00,33.33%,266.67%,1.00,1.00
5,ID-RI,Riau,0,0,0,0,2,0,3,-1,Province,,Riau,Indonesia,Asia,Sumatera,UTC+07:00,,10,2,169,268,1591,87024,6074100,69.80,101.8051092,0.511647851,0.00,0.33,0.00,0.00,0.00,0.00%,150.00%,1.00,1.00
6,ID-BT,Banten,1,0,1,0,1,5,74,-78,Province,,Banten,Indonesia,Asia,Jawa,UTC+07:00,,4,4,155,313,1238,9663,10722374,1109.64,106.1090043,-6.456736388,0.09,0.09,0.00,0.47,0.05,500.00%,7400.00%,,
6,ID-JK,DKI Jakarta,0,0,0,0,45,21,41,-17,Province,,DKI Jakarta,Indonesia,Asia,Jawa,UTC+07:00,Daerah Khusus Ibu Kota,1,5,44,267,,664,10846145,16334.31,106.8361183,-6.204698991,0.00,4.15,0.00,1.94,0.19,46.67%,91.11%,1.00,0.00
6,IDN,Indonesia,2,0,0,2,4,0,0,4,Country,,,Indonesia,Asia,,,,416,98,7230,8488,74953,1916907,265185520,138.34,113.921327,-0.789275,0.01,0.02,0.00,0.00,0.00,0.00%,0.00%,,1.00
6,ID-JB,Jawa Barat,1,0,0,1,4,1,8,-5,Province,,Jawa Barat,Indonesia,Asia,Jawa,UTC+07:00,,18,9,627,645,5312,35378,45161325,1276.55,107.6037083,-6.920432083,0.02,0.09,0.00,0.02,0.00,25.00%,200.00%,1.00,1.00
6,ID-RI,Riau,0,0,0,0,2,0,3,-1,Province,,Riau,Indonesia,Asia,Sumatera,UTC+07:00,,10,2,169,268,1591,87024,6074100,69.80,101.8051092,0.511647851,0.00,0.33,0.00,0.00,0.00,0.00%,150.00%,1.00,1.00
7,ID-BT,Banten,0,0,0,0,1,5,74,-78,Province,,Banten,Indonesia,Asia,Jawa,UTC+07:00,,4,4,155,313,1238,9663,10722374,1109.64,106.1090043,-6.456736388,0.00,0.09,0.00,0.47,0.05,500.00%,7400.00%,0.00,1.00
7,ID-JK,DKI Jakarta,0,2,0,-2,45,23,41,-19,Province,,DKI Jakarta,Indonesia,Asia,Jawa,UTC+07:00,Daerah Khusus Ibu Kota,1,5,44,267,,664,10846145,16334.31,106.8361183,-6.204698991,0.00,4.15,0.18,2.12,0.21,51.11%,91.11%,1.00,
7,IDN,Indonesia,0,0,0,0,4,0,0,4,Country,,,Indonesia,Asia,,,,416,98,7230,8488,74953,1916907,265185520,138.34,113.921327,-0.789275,0.00,0.02,0.00,0.00,0.00,0.00%,0.00%,0.00,1.00
7,ID-JB,Jawa Barat,0,0,0,0,4,1,8,-5,Province,,Jawa Barat,Indonesia,Asia,Jawa,UTC+07:00,,18,9,627,645,5312,35378,45161325,1276.55,107.6037083,-6.920432083,0.00,0.09,0.00,0.02,0.00,25.00%,200.00%,0.00,1.00
7,ID-RI,Riau,0,0,0,0,2,0,3,-1,Province,,Riau,Indonesia,Asia,Sumatera,UTC+07:00,,10,2,169,268,1591,87024,6074100,69.80,101.8051092,0.511647851,0.00,0.33,0.00,0.00,0.00,0.00%,150.00%,1.00,1.00
8,ID-BT,Banten,1,0,3,-2,2,5,77,-80,Province,,Banten,Indonesia,Asia,Jawa,UTC+07:00,,4,4,155,313,1238,9663,10722374,1109.64,106.1090043,-6.456736388,0.09,0.19,0.00,0.47,0.05,250.00%,3850.00%,,1.00
8,ID-JK,DKI Jakarta,0,0,0,0,45,23,41,-19,Province,,DKI Jakarta,Indonesia,Asia,Jawa,UTC+07:00,Daerah Khusus Ibu Kota,1,5,44,267,,664,10846145,16334.31,106.8361183,-6.204698991,0.00,4.15,0.00,2.12,0.21,51.11%,91.11%,1.00,0.00
8,IDN,Indonesia,2,0,0,2,6,0,0,6,Country,,,Indonesia,Asia,,,,416,98,7230,8488,74953,1916907,265185520,138.34,113.921327,-0.789275,0.01,0.02,0.00,0.00,0.00,0.00%,0.00%,,1.00
8,ID-JB,Jawa Barat,0,0,0,0,4,1,8,-5,Province,,Jawa Barat,Indonesia,Asia,Jawa,UTC+07:00,,18,9,627,645,5312,35378,45161325,1276.55,107.6037083,-6.920432083,0.00,0.09,0.00,0.02,0.00,25.00%,200.00%,1.00,1.00
8,ID-JT,Jawa Tengah,1,1,0,0,1,8,8,-15,Province,,Jawa Tengah,Indonesia,Asia,Jawa,UTC+07:00,,29,6,576,753,7809,32801,36364072,1108.64,110.2011149,-7.259097177,0.03,0.03,0.03,0.22,0.02,800.00%,800.00%,,
8,ID-RI,Riau,0,0,0,0,2,0,3,-1,Province,,Riau,Indonesia,Asia,Sumatera,UTC+07:00,,10,2,169,268,1591,87024,6074100,69.80,101.8051092,0.511647851,0.00,0.33,0.00,0.00,0.00,0.00%,150.00%,1.00,1.00
9,ID-BT,Banten,0,0,0,0,2,5,77,-80,Province,,Banten,Indonesia,Asia,Jawa,UTC+07:00,,4,4,155,313,1238,9663,10722374,1109.64,106.1090043,-6.456736388,0.00,0.19,0.00,0.47,0.05,250.00%,3850.00%,0.00,1.00
9,ID-JK,DKI Jakarta,0,1,0,-1,45,24,41,-20,Province,,DKI Jakarta,Indonesia,Asia,Jawa,UTC+07:00,Daerah Khusus Ibu Kota,1,5,44,267,,664,10846145,16334.31,106.8361183,-6.204698991,0.00,4.15,0.09,2.21,0.22,53.33%,91.11%,1.00,
9,IDN,Indonesia,13,0,0,13,19,0,0,19,Country,,,Indonesia,Asia,,,,416,98,7230,8488,74953,1916907,265185520,138.34,113.921327,-0.789275,0.05,0.07,0.00,0.00,0.00,0.00%,0.00%,6.50,1.00
9,ID-JB,Jawa Barat,0,0,0,0,4,1,8,-5,Province,,Jawa Barat,Indonesia,Asia,Jawa,UTC+07:00,,18,9,627,645,5312,35378,45161325,1276.55,107.6037083,-6.920432083,0.00,0.09,0.00,0.02,0.00,25.00%,200.00%,1.00,1.00
9,ID-JT,Jawa Tengah,0,0,0,0,1,8,8,-15,Province,,Jawa Tengah,Indonesia,Asia,Jawa,UTC+07:00,,29,6,576,753,7809,32801,36364072,1108.64,110.2011149,-7.259097177,0.00,0.03,0.00,0.22,0.02,800.00%,800.00%,0.00,0.00
9,ID-RI,Riau,0,0,0,0,2,0,3,-1,Province,,Riau,Indonesia,Asia,Sumatera,UTC+07:00,,10,2,169,268,1591,87024,6074100,69.80,101.8051092,0.511647851,0.00,0.33,0.00,0.00,0.00,0.00%,150.00%,1.00,1.00
10,ID-BT,Banten,0,0,8,-8,2,5,85,-88,Province,,Banten,Indonesia,Asia,Jawa,UTC+07:00,,4,4,155,313,1238,9663,10722374,1109.64,106.1090043,-6.456736388,0.00,0.19,0.00,0.47,0.05,250.00%,4250.00%,1.00,1.00
10,ID-JK,DKI Jakarta,0,0,0,0,45,24,41,-20,Province,,DKI Jakarta,Indonesia,Asia,Jawa,UTC+07:00,Daerah Khusus Ibu Kota,1,5,44,267,,664,10846145,16334.31,106.8361183,-6.204698991,0.00,4.15,0.00,2.21,0.22,53.33%,91.11%,1.00,0.00
10,IDN,Indonesia,8,0,2,6,27,0,2,25,Country,,,Indonesia,Asia,,,,416,98,7230,8488,74953,1916907,265185520,138.34,113.921327,-0.789275,0.03,0.10,0.00,0.00,0.00,0.00%,7.41%,0.62,1.00
10,ID-JB,Jawa Barat,0,0,0,0,4,1,8,-5,Province,,Jawa Barat,Indonesia,Asia,Jawa,UTC+07:00,,18,9,627,645,5312,35378,45161325,1276.55,107.6037083,-6.920432083,0.00,0.09,0.00,0.02,0.00,25.00%,200.00%,1.00,1.00
10,ID-JT,Jawa Tengah,0,0,0,0,1,8,8,-15,Province,,Jawa Tengah,Indonesia,Asia,Jawa,UTC+07:00,,29,6,576,753,7809,32801,36364072,1108.64,110.2011149,-7.259097177,0.00,0.03,0.00,0.22,0.02,800.00%,800.00%,1.00,1.00
10,ID-RI,Riau,0,0,0,0,2,0,3,-1,Province,,Riau,Indonesia,Asia,Sumatera,UTC+07:00,,10,2,169,268,1591,87024,6074100,69.80,101.8051092,0.511647851,0.00,0.33,0.00,0.00,0.00,0.00%,150.00%,1.00,1.00
10,ID-SG,Sulawesi Tenggara,1,0,0,1,1,0,0,1,Province,,Sulawesi Tenggara,Indonesia,Asia,Sulawesi,UTC+08:00,,15,2,219,377,1911,38068,2635461,69.23,122.070311,-4.124688793,0.38,0.38,0.00,0.00,0.00,0.00%,0.00%,,
11,ID-BA,Bali,1,1,0,0,1,1,3,-3,Province,,Bali,Indonesia,Asia,Nusa Tenggara,UTC+08:00,,8,1,57,80,636,5780,4216171,729.43,115.1317136,-8.369471688,0.24,0.24,0.24,0.24,0.02,100.00%,300.00%,,
11,ID-BT,Banten,0,0,8,-8,2,5,93,-96,Province,,Banten,Indonesia,Asia,Jawa,UTC+07:00,,4,4,155,313,1238,9663,10722374,1109.64,106.1090043,-6.456736388,0.00,0.19,0.00,0.47,0.05,250.00%,4650.00%,1.00,1.00
11,ID-JK,DKI Jakarta,0,0,0,0,45,24,41,-20,Province,,DKI Jakarta,Indonesia,Asia,Jawa,UTC+07:00,Daerah Khusus Ibu Kota,1,5,44,267,,664,10846145,16334.31,106.8361183,-6.204698991,0.00,4.15,0.00,2.21,0.22,53.33%,91.11%,1.00,1.00
11,IDN,Indonesia,7,1,0,6,34,1,2,31,Country,,,Indonesia,Asia,,,,416,98,7230,8488,74953,1916907,265185520,138.34,113.921327,-0.789275,0.03,0.13,0.00,0.00,0.00,2.94%,5.88%,0.88,
11,ID-JB,Jawa Barat,0,1,0,-1,4,2,8,-6,Province,,Jawa Barat,Indonesia,Asia,Jawa,UTC+07:00,,18,9,627,645,5312,35378,45161325,1276.55,107.6037083,-6.920432083,0.00,0.09,0.02,0.04,0.00,50.00%,200.00%,1.00,
11,ID-JT,Jawa Tengah,2,1,1,0,3,9,9,-15,Province,,Jawa Tengah,Indonesia,Asia,Jawa,UTC+07:00,,29,6,576,753,7809,32801,36364072,1108.64,110.2011149,-7.259097177,0.05,0.08,0.03,0.25,0.02,300.00%,300.00%,,
11,ID-RI,Riau,0,0,0,0,2,0,3,-1,Province,,Riau,Indonesia,Asia,Sumatera,UTC+07:00,,10,2,169,268,1591,87024,6074100,69.80,101.8051092,0.511647851,0.00,0.33,0.00,0.00,0.00,0.00%,150.00%,1.00,1.00
11,ID-SG,Sulawesi Tenggara,0,0,0,0,1,0,0,1,Province,,Sulawesi Tenggara,Indonesia,Asia,Sulawesi,UTC+08:00,,15,2,219,377,1911,38068,2635461,69.23,122.070311,-4.124688793,0.00,0.38,0.00,0.00,0.00,0.00%,0.00%,0.00,1.00
12,ID-BA,Bali,0,0,0,0,1,1,3,-3,Province,,Bali,Indonesia,Asia,Nusa Tenggara,UTC+08:00,,8,1,57,80,636,5780,4216171,729.43,115.1317136,-8.369471688,0.00,0.24,0.00,0.24,0.02,100.00%,300.00%,0.00,0.00
12,ID-BT,Banten,0,1,2,-3,2,6,95,-99,Province,,Banten,Indonesia,Asia,Jawa,UTC+07:00,,4,4,155,313,1238,9663,10722374,1109.64,106.1090043,-6.456736388,0.00,0.19,0.09,0.56,0.06,300.00%,4750.00%,1.00,
12,ID-JK,DKI Jakarta,2,1,4,-3,47,25,45,-23,Province,,DKI Jakarta,Indonesia,Asia,Jawa,UTC+07:00,Daerah Khusus Ibu Kota,1,5,44,267,,664,10846145,16334.31,106.8361183,-6.204698991,0.18,4.33,0.09,2.30,0.23,53.19%,95.74%,,
12,IDN,Indonesia,0,0,0,0,34,1,2,31,Country,,,Indonesia,Asia,,,,416,98,7230,8488,74953,1916907,265185520,138.34,113.921327,-0.789275,0.00,0.13,0.00,0.00,0.00,2.94%,5.88%,0.00,0.00
12,ID-JB,Jawa Barat,1,0,0,1,5,2,8,-5,Province,,Jawa Barat,Indonesia,Asia,Jawa,UTC+07:00,,18,9,627,645,5312,35378,45161325,1276.55,107.6037083,-6.920432083,0.02,0.11,0.00,0.04,0.00,40.00%,160.00%,,0.00
12,ID-JT,Jawa Tengah,0,0,0,0,3,9,9,-15,Province,,Jawa Tengah,Indonesia,Asia,Jawa,UTC+07:00,,29,6,576,753,7809,32801,36364072,1108.64,110.2011149,-7.259097177,0.00,0.08,0.00,0.25,0.02,300.00%,300.00%,0.00,0.00
12,ID-RI,Riau,0,0,0,0,2,0,3,-1,Province,,Riau,Indonesia,Asia,Sumatera,UTC+07:00,,10,2,169,268,1591,87024,6074100,69.80,101.8051092,0.511647851,0.00,0.33,0.00,0.00,0.00,0.00%,150.00%,1.00,1.00
12,ID-SG,Sulawesi Tenggara,0,0,0,0,1,0,0,1,Province,,Sulawesi Tenggara,Indonesia,Asia,Sulawesi,UTC+08:00,,15,2,219,377,1911,38068,2635461,69.23,122.070311,-4.124688793,0.00,0.38,0.00,0.00,0.00,0.00%,0.00%,1.00,1.00
13,ID-BA,Bali,0,0,0,0,1,1,3,-3,Province,,Bali,Indonesia,Asia,Nusa Tenggara,UTC+08:00,,8,1,57,80,636,5780,4216171,729.43,115.1317136,-8.369471688,0.00,0.24,0.00,0.24,0.02,100.00%,300.00%,1.00,1.00
13,ID-BT,Banten,1,1,0,0,3,7,95,-99,Province,,Banten,Indonesia,Asia,Jawa,UTC+07:00,,4,4,155,313,1238,9663,10722374,1109.64,106.1090043,-6.456736388,0.09,0.28,0.09,0.65,0.07,233.33%,3166.67%,,1.00
13,ID-JK,DKI Jakarta,4,1,3,0,51,26,48,-23,Province,,DKI Jakarta,Indonesia,Asia,Jawa,UTC+07:00,Daerah Khusus Ibu Kota,1,5,44,267,,664,10846145,16334.31,106.8361183,-6.204698991,0.37,4.70,0.09,2.40,0.24,50.98%,94.12%,2.00,1.00
13,IDN,Indonesia,35,3,0,32,69,4,2,63,Country,,,Indonesia,Asia,,,,416,98,7230,8488,74953,1916907,265185520,138.34,113.921327,-0.789275,0.13,0.26,0.01,0.02,0.00,5.80%,2.90%,,
13,ID-JB,Jawa Barat,4,0,1,3,9,2,9,-2,Province,,Jawa Barat,Indonesia,Asia,Jawa,UTC+07:00,,18,9,627,645,5312,35378,45161325,1276.55,107.6037083,-6.920432083,0.09,0.20,0.00,0.04,0.00,22.22%,100.00%,4.00,1.00
13,ID-JT,Jawa Tengah,0,0,0,0,3,9,9,-15,Province,,Jawa Tengah,Indonesia,Asia,Jawa,UTC+07:00,,29,6,576,753,7809,32801,36364072,1108.64,110.2011149,-7.259097177,0.00,0.08,0.00,0.25,0.02,300.00%,300.00%,1.00,1.00
13,ID-RI,Riau,0,0,0,0,2,0,3,-1,Province,,Riau,Indonesia,Asia,Sumatera,UTC+07:00,,10,2,169,268,1591,87024,6074100,69.80,101.8051092,0.511647851,0.00,0.33,0.00,0.00,0.00,0.00%,150.00%,1.00,1.00
13,ID-SG,Sulawesi Tenggara,0,0,0,0,1,0,0,1,Province,,Sulawesi Tenggara,Indonesia,Asia,Sulawesi,UTC+08:00,,15,2,219,377,1911,38068,2635461,69.23,122.070311,-4.124688793,0.00,0.38,0.00,0.00,0.00,0.00%,0.00%,1.00,1.00
14,ID-BA,Bali,0,0,0,0,1,1,3,-3,Province,,Bali,Indonesia,Asia,Nusa Tenggara,UTC+08:00,,8,1,57,80,636,5780,4216171,729.43,115.1317136,-8.369471688,0.00,0.24,0.00,0.24,0.02,100.00%,300.00%,1.00,1.00
14,ID-BT,Banten,1,0,2,-1,4,7,97,-100,Province,,Banten,Indonesia,Asia,Jawa,UTC+07:00,,4,4,155,313,1238,9663,10722374,1109.64,106.1090043,-6.456736388,0.09,0.37,0.00,0.65,0.07,175.00%,2425.00%,1.00,0.00
14,ID-JK,DKI Jakarta,2,1,1,0,53,27,49,-23,Province,,DKI Jakarta,Indonesia,Asia,Jawa,UTC+07:00,Daerah Khusus Ibu Kota,1,5,44,267,,664,10846145,16334.31,106.8361183,-6.204698991,0.18,4.89,0.09,2.49,0.25,50.94%,92.45%,0.50,1.00
14,IDN,Indonesia,27,1,6,20,96,5,8,83,Country,,,Indonesia,Asia,,,,416,98,7230,8488,74953,1916907,265185520,138.34,113.921327,-0.789275,0.10,0.36,0.00,0.02,0.00,5.21%,8.33%,0.77,0.33
14,ID-JB,Jawa Barat,0,0,0,0,9,2,9,-2,Province,,Jawa Barat,Indonesia,Asia,Jawa,UTC+07:00,,18,9,627,645,5312,35378,45161325,1276.55,107.6037083,-6.920432083,0.00,0.20,0.00,0.04,0.00,22.22%,100.00%,0.00,1.00
14,ID-JT,Jawa Tengah,2,0,1,1,5,9,10,-14,Province,,Jawa Tengah,Indonesia,Asia,Jawa,UTC+07:00,,29,6,576,753,7809,32801,36364072,1108.64,110.2011149,-7.259097177,0.05,0.14,0.00,0.25,0.02,180.00%,200.00%,,1.00
14,ID-KI,Kalimantan Timur,3,0,0,3,3,0,2,1,Province,,Kalimantan Timur,Indonesia,Asia,Kalimantan,UTC+08:00,,7,3,103,197,841,129067,3552191,27.52,116.4684405,0.45385803,0.84,0.84,0.00,0.00,0.00,0.00%,66.67%,,
14,ID-RI,Riau,0,0,0,0,2,0,3,-1,Province,,Riau,Indonesia,Asia,Sumatera,UTC+07:00,,10,2,169,268,1591,87024,6074100,69.80,101.8051092,0.511647851,0.00,0.33,0.00,0.00,0.00,0.00%,150.00%,1.00,1.00
14,ID-SG,Sulawesi Tenggara,0,0,0,0,1,0,0,1,Province,,Sulawesi Tenggara,Indonesia,Asia,Sulawesi,UTC+08:00,,15,2,219,377,1911,38068,2635461,69.23,122.070311,-4.124688793,0.00,0.38,0.00,0.00,0.00,0.00%,0.00%,1.00,1.00
15,ID-BA,Bali,0,0,0,0,1,1,3,-3,Province,,Bali,Indonesia,Asia,Nusa Tenggara,UTC+08:00,,8,1,57,80,636,5780,4216171,729.43,115.1317136,-8.369471688,0.00,0.24,0.00,0.24,0.02,100.00%,300.00%,1.00,1.00
15,ID-BT,Banten,1,0,5,-4,5,7,102,-104,Province,,Banten,Indonesia,Asia,Jawa,UTC+07:00,,4,4,155,313,1238,9663,10722374,1109.64,106.1090043,-6.456736388,0.09,0.47,0.00,0.65,0.07,140.00%,2040.00%,1.00,1.00
15,ID-JK,DKI Jakarta,8,3,0,5,61,30,49,-18,Province,,DKI Jakarta,Indonesia,Asia,Jawa,UTC+07:00,Daerah Khusus Ibu Kota,1,5,44,267,,664,10846145,16334.31,106.8361183,-6.204698991,0.74,5.62,0.28,2.77,0.28,49.18%,80.33%,4.00,3.00
15,IDN,Indonesia,21,0,0,21,117,5,8,104,Country,,,Indonesia,Asia,,,,416,98,7230,8488,74953,1916907,265185520,138.34,113.921327,-0.789275,0.08,0.44,0.00,0.02,0.00,4.27%,6.84%,0.78,0.00
15,ID-JB,Jawa Barat,0,0,2,-2,9,2,11,-4,Province,,Jawa Barat,Indonesia,Asia,Jawa,UTC+07:00,,18,9,627,645,5312,35378,45161325,1276.55,107.6037083,-6.920432083,0.00,0.20,0.00,0.04,0.00,22.22%,122.22%,1.00,1.00
15,ID-JT,Jawa Tengah,1,0,1,0,6,9,11,-14,Province,,Jawa Tengah,Indonesia,Asia,Jawa,UTC+07:00,,29,6,576,753,7809,32801,36364072,1108.64,110.2011149,-7.259097177,0.03,0.16,0.00,0.25,0.02,150.00%,183.33%,0.50,1.00
15,ID-KI,Kalimantan Timur,2,0,0,2,5,0,2,3,Province,,Kalimantan Timur,Indonesia,Asia,Kalimantan,UTC+08:00,,7,3,103,197,841,129067,3552191,27.52,116.4684405,0.45385803,0.56,1.41,0.00,0.00,0.00,0.00%,40.00%,0.67,1.00
15,ID-RI,Riau,0,0,0,0,2,0,3,-1,Province,,Riau,Indonesia,Asia,Sumatera,UTC+07:00,,10,2,169,268,1591,87024,6074100,69.80,101.8051092,0.511647851,0.00,0.33,0.00,0.00,0.00,0.00%,150.00%,1.00,1.00
15,ID-SG,Sulawesi Tenggara,0,0,0,0,1,0,0,1,Province,,Sulawesi Tenggara,Indonesia,Asia,Sulawesi,UTC+08:00,,15,2,219,377,1911,38068,2635461,69.23,122.070311,-4.124688793,0.00,0.38,0.00,0.00,0.00,0.00%,0.00%,1.00,1.00
16,ID-BA,Bali,0,0,0,0,1,1,3,-3,Province,,Bali,Indonesia,Asia,Nusa Tenggara,UTC+08:00,,8,1,57,80,636,5780,4216171,729.43,115.1317136,-8.369471688,0.00,0.24,0.00,0.24,0.02,100.00%,300.00%,1.00,1.00
16,ID-BT,Banten,1,0,4,-3,6,7,106,-107,Province,,Banten,Indonesia,Asia,Jawa,UTC+07:00,,4,4,155,313,1238,9663,10722374,1109.64,106.1090043,-6.456736388,0.09,0.56,0.00,0.65,0.07,116.67%,1766.67%,1.00,1.00
16,ID-JK,DKI Jakarta,2,3,0,-1,63,33,49,-19,Province,,DKI Jakarta,Indonesia,Asia,Jawa,UTC+07:00,Daerah Khusus Ibu Kota,1,5,44,267,,664,10846145,16334.31,106.8361183,-6.204698991,0.18,5.81,0.28,3.04,0.30,52.38%,77.78%,0.25,1.00
16,ID-YO,Daerah Istimewa Yogyakarta,1,0,0,1,1,0,1,0,Province,,Daerah Istimewa Yogyakarta,Indonesia,Asia,Jawa,UTC+07:00,Daerah Istimewa,4,1,78,46,392,3133,3631015,1158.90,110.4448783,-7.89450185,0.28,0.28,0.00,0.00,0.00,0.00%,100.00%,,
16,IDN,Indonesia,17,0,0,17,134,5,8,121,Country,,,Indonesia,Asia,,,,416,98,7230,8488,74953,1916907,265185520,138.34,113.921327,-0.789275,0.06,0.51,0.00,0.02,0.00,3.73%,5.97%,0.81,1.00
16,ID-JB,Jawa Barat,0,0,2,-2,9,2,13,-6,Province,,Jawa Barat,Indonesia,Asia,Jawa,UTC+07:00,,18,9,627,645,5312,35378,45161325,1276.55,107.6037083,-6.920432083,0.00,0.20,0.00,0.04,0.00,22.22%,144.44%,1.00,1.00
16,ID-JT,Jawa Tengah,1,0,0,1,7,9,11,-13,Province,,Jawa Tengah,Indonesia,Asia,Jawa,UTC+07:00,,29,6,576,753,7809,32801,36364072,1108.64,110.2011149,-7.259097177,0.03,0.19,0.00,0.25,0.02,128.57%,157.14%,1.00,1.00
16,ID-KI,Kalimantan Timur,1,0,0,1,6,0,2,4,Province,,Kalimantan Timur,Indonesia,Asia,Kalimantan,UTC+08:00,,7,3,103,197,841,129067,3552191,27.52,116.4684405,0.45385803,0.28,1.69,0.00,0.00,0.00,0.00%,33.33%,0.50,1.00
16,ID-RI,Riau,0,0,0,0,2,0,3,-1,Province,,Riau,Indonesia,Asia,Sumatera,UTC+07:00,,10,2,169,268,1591,87024,6074100,69.80,101.8051092,0.511647851,0.00,0.33,0.00,0.00,0.00,0.00%,150.00%,1.00,1.00
16,ID-SG,Sulawesi Tenggara,2,0,0,2,3,0,0,3,Province,,Sulawesi Tenggara,Indonesia,Asia,Sulawesi,UTC+08:00,,15,2,219,377,1911,38068,2635461,69.23,122.070311,-4.124688793,0.76,1.14,0.00,0.00,0.00,0.00%,0.00%,,1.00
17,ID-BA,Bali,0,0,0,0,1,1,3,-3,Province,,Bali,Indonesia,Asia,Nusa Tenggara,UTC+08:00,,8,1,57,80,636,5780,4216171,729.43,115.1317136,-8.369471688,0.00,0.24,0.00,0.24,0.02,100.00%,300.00%,1.00,1.00
17,ID-BT,Banten,0,1,3,-4,6,8,109,-111,Province,,Banten,Indonesia,Asia,Jawa,UTC+07:00,,4,4,155,313,1238,9663,10722374,1109.64,106.1090043,-6.456736388,0.00,0.56,0.09,0.75,0.07,133.33%,1816.67%,0.00,
17,ID-JK,DKI Jakarta,2,1,0,1,65,34,49,-18,Province,,DKI Jakarta,Indonesia,Asia,Jawa,UTC+07:00,Daerah Khusus Ibu Kota,1,5,44,267,,664,10846145,16334.31,106.8361183,-6.204698991,0.18,5.99,0.09,3.13,0.31,52.31%,75.38%,1.00,0.33
17,ID-YO,Daerah Istimewa Yogyakarta,0,0,0,0,1,0,1,0,Province,,Daerah Istimewa Yogyakarta,Indonesia,Asia,Jawa,UTC+07:00,Daerah Istimewa,4,1,78,46,392,3133,3631015,1158.90,110.4448783,-7.89450185,0.00,0.28,0.00,0.00,0.00,0.00%,100.00%,0.00,1.00
17,IDN,Indonesia,38,0,1,37,172,5,9,158,Country,,,Indonesia,Asia,,,,416,98,7230,8488,74953,1916907,265185520,138.34,113.921327,-0.789275,0.14,0.65,0.00,0.02,0.00,2.91%,5.23%,2.24,1.00
17,ID-JB,Jawa Barat,11,0,0,11,20,2,13,5,Province,,Jawa Barat,Indonesia,Asia,Jawa,UTC+07:00,,18,9,627,645,5312,35378,45161325,1276.55,107.6037083,-6.920432083,0.24,0.44,0.00,0.04,0.00,10.00%,65.00%,,1.00
17,ID-JT,Jawa Tengah,1,0,1,0,8,9,12,-13,Province,,Jawa Tengah,Indonesia,Asia,Jawa,UTC+07:00,,29,6,576,753,7809,32801,36364072,1108.64,110.2011149,-7.259097177,0.03,0.22,0.00,0.25,0.02,112.50%,150.00%,1.00,1.00
17,ID-KI,Kalimantan Timur,1,0,0,1,7,0,2,5,Province,,Kalimantan Timur,Indonesia,Asia,Kalimantan,UTC+08:00,,7,3,103,197,841,129067,3552191,27.52,116.4684405,0.45385803,0.28,1.97,0.00,0.00,0.00,0.00%,28.57%,1.00,1.00
17,ID-RI,Riau,0,0,0,0,2,0,3,-1,Province,,Riau,Indonesia,Asia,Sumatera,UTC+07:00,,10,2,169,268,1591,87024,6074100,69.80,101.8051092,0.511647851,0.00,0.33,0.00,0.00,0.00,0.00%,150.00%,1.00,1.00
17,ID-SG,Sulawesi Tenggara,0,0,0,0,3,0,0,3,Province,,Sulawesi Tenggara,Indonesia,Asia,Sulawesi,UTC+08:00,,15,2,219,377,1911,38068,2635461,69.23,122.070311,-4.124688793,0.00,1.14,0.00,0.00,0.00,0.00%,0.00%,0.00,1.00
17,ID-SU,Sumatera Utara,1,1,0,0,1,1,0,0,Province,,Sumatera Utara,Indonesia,Asia,Sumatera,UTC+07:00,,25,8,450,693,5417,72981,14874889,203.82,99.05196442,2.191894453,0.07,0.07,0.07,0.07,0.01,100.00%,0.00%,,
18,ID-BA,Bali,0,0,0,0,1,1,3,-3,Province,,Bali,Indonesia,Asia,Nusa Tenggara,UTC+08:00,,8,1,57,80,636,5780,4216171,729.43,115.1317136,-8.369471688,0.00,0.24,0.00,0.24,0.02,100.00%,300.00%,1.00,1.00
18,ID-BT,Banten,0,1,1,-2,6,9,110,-113,Province,,Banten,Indonesia,Asia,Jawa,UTC+07:00,,4,4,155,313,1238,9663,10722374,1109.64,106.1090043,-6.456736388,0.00,0.56,0.09,0.84,0.08,150.00%,1833.33%,1.00,1.00
18,ID-JK,DKI Jakarta,1,1,0,0,66,35,49,-18,Province,,DKI Jakarta,Indonesia,Asia,Jawa,UTC+07:00,Daerah Khusus Ibu Kota,1,5,44,267,,664,10846145,16334.31,106.8361183,-6.204698991,0.09,6.09,0.09,3.23,0.32,53.03%,74.24%,0.50,1.00
18,ID-YO,Daerah Istimewa Yogyakarta,0,0,0,0,1,0,1,0,Province,,Daerah Istimewa Yogyakarta,Indonesia,Asia,Jawa,UTC+07:00,Daerah Istimewa,4,1,78,46,392,3133,3631015,1158.90,110.4448783,-7.89450185,0.00,0.28,0.00,0.00,0.00,0.00%,100.00%,1.00,1.00
18,IDN,Indonesia,55,14,2,39,227,19,11,197,Country,,,Indonesia,Asia,,,,416,98,7230,8488,74953,1916907,265185520,138.34,113.921327,-0.789275,0.21,0.86,0.05,0.07,0.01,8.37%,4.85%,1.45,
18,ID-JB,Jawa Barat,4,1,2,1,24,3,15,6,Province,,Jawa Barat,Indonesia,Asia,Jawa,UTC+07:00,,18,9,627,645,5312,35378,45161325,1276.55,107.6037083,-6.920432083,0.09,0.53,0.02,0.07,0.01,12.50%,62.50%,0.36,
18,ID-JT,Jawa Tengah,3,1,0,2,11,10,12,-11,Province,,Jawa Tengah,Indonesia,Asia,Jawa,UTC+07:00,,29,6,576,753,7809,32801,36364072,1108.64,110.2011149,-7.259097177,0.08,0.30,0.03,0.27,0.03,90.91%,109.09%,3.00,
18,ID-JI,Jawa Timur,7,1,0,6,18,33,215,-230,Province,,Jawa Timur,Indonesia,Asia,Jawa,UTC+07:00,,29,9,666,777,7724,47803,40479023,846.78,112.7329414,-7.723345579,0.17,0.44,0.02,0.82,0.08,183.33%,1194.44%,,
18,ID-KI,Kalimantan Timur,0,0,0,0,7,0,2,5,Province,,Kalimantan Timur,Indonesia,Asia,Kalimantan,UTC+08:00,,7,3,103,197,841,129067,3552191,27.52,116.4684405,0.45385803,0.00,1.97,0.00,0.00,0.00,0.00%,28.57%,0.00,1.00
18,ID-RI,Riau,0,0,0,0,2,0,3,-1,Province,,Riau,Indonesia,Asia,Sumatera,UTC+07:00,,10,2,169,268,1591,87024,6074100,69.80,101.8051092,0.511647851,0.00,0.33,0.00,0.00,0.00,0.00%,150.00%,1.00,1.00
18,ID-SG,Sulawesi Tenggara,0,0,0,0,3,0,0,3,Province,,Sulawesi Tenggara,Indonesia,Asia,Sulawesi,UTC+08:00,,15,2,219,377,1911,38068,2635461,69.23,122.070311,-4.124688793,0.00,1.14,0.00,0.00,0.00,0.00%,0.00%,1.00,1.00
18,ID-SU,Sumatera Utara,0,0,0,0,1,1,0,0,Province,,Sumatera Utara,Indonesia,Asia,Sumatera,UTC+07:00,,25,8,450,693,5417,72981,14874889,203.82,99.05196442,2.191894453,0.00,0.07,0.00,0.07,0.01,100.00%,0.00%,0.00,0.00
19,ID-BA,Bali,1,1,0,0,2,2,3,-3,Province,,Bali,Indonesia,Asia,Nusa Tenggara,UTC+08:00,,8,1,57,80,636,5780,4216171,729.43,115.1317136,-8.369471688,0.24,0.47,0.24,0.47,0.05,100.00%,150.00%,,
19,ID-BT,Banten,0,1,3,-4,6,10,113,-117,Province,,Banten,Indonesia,Asia,Jawa,UTC+07:00,,4,4,155,313,1238,9663,10722374,1109.64,106.1090043,-6.456736388,0.00,0.56,0.09,0.93,0.09,166.67%,1883.33%,1.00,1.00
19,ID-JK,DKI Jakarta,2,0,1,1,68,35,50,-17,Province,,DKI Jakarta,Indonesia,Asia,Jawa,UTC+07:00,Daerah Khusus Ibu Kota,1,5,44,267,,664,10846145,16334.31,106.8361183,-6.204698991,0.18,6.27,0.00,3.23,0.32,51.47%,73.53%,2.00,0.00
19,ID-YO,Daerah Istimewa Yogyakarta,0,0,0,0,1,0,1,0,Province,,Daerah Istimewa Yogyakarta,Indonesia,Asia,Jawa,UTC+07:00,Daerah Istimewa,4,1,78,46,392,3133,3631015,1158.90,110.4448783,-7.89450185,0.00,0.28,0.00,0.00,0.00,0.00%,100.00%,1.00,1.00
19,IDN,Indonesia,82,6,4,72,309,25,15,269,Country,,,Indonesia,Asia,,,,416,98,7230,8488,74953,1916907,265185520,138.34,113.921327,-0.789275,0.31,1.17,0.02,0.09,0.01,8.09%,4.85%,1.49,0.43
19,ID-JB,Jawa Barat,5,1,1,3,29,4,16,9,Province,,Jawa Barat,Indonesia,Asia,Jawa,UTC+07:00,,18,9,627,645,5312,35378,45161325,1276.55,107.6037083,-6.920432083,0.11,0.64,0.02,0.09,0.01,13.79%,55.17%,1.25,1.00
19,ID-JT,Jawa Tengah,2,0,0,2,13,10,12,-9,Province,,Jawa Tengah,Indonesia,Asia,Jawa,UTC+07:00,,29,6,576,753,7809,32801,36364072,1108.64,110.2011149,-7.259097177,0.05,0.36,0.00,0.27,0.03,76.92%,92.31%,0.67,0.00
19,ID-JI,Jawa Timur,3,0,0,3,21,33,215,-227,Province,,Jawa Timur,Indonesia,Asia,Jawa,UTC+07:00,,29,9,666,777,7724,47803,40479023,846.78,112.7329414,-7.723345579,0.07,0.52,0.00,0.82,0.08,157.14%,1023.81%,0.43,0.00
19,ID-KI,Kalimantan Timur,0,0,0,0,7,0,2,5,Province,,Kalimantan Timur,Indonesia,Asia,Kalimantan,UTC+08:00,,7,3,103,197,841,129067,3552191,27.52,116.4684405,0.45385803,0.00,1.97,0.00,0.00,0.00,0.00%,28.57%,1.00,1.00
19,ID-KR,Kepulauan Riau,1,1,0,0,1,1,0,0,Province,,Kepulauan Riau,Indonesia,Asia,Sumatera,UTC+07:00,,5,2,75,142,275,8202,1929400,235.24,108.261746,3.916346,0.52,0.52,0.52,0.52,0.05,100.00%,0.00%,,
19,ID-RI,Riau,0,0,0,0,2,0,3,-1,Province,,Riau,Indonesia,Asia,Sumatera,UTC+07:00,,10,2,169,268,1591,87024,6074100,69.80,101.8051092,0.511647851,0.00,0.33,0.00,0.00,0.00,0.00%,150.00%,1.00,1.00
19,ID-SN,Sulawesi Selatan,2,0,0,2,2,0,1,1,Province,,Sulawesi Selatan,Indonesia,Asia,Sulawesi,UTC+08:00,,21,3,311,792,2255,46717,9426885,201.78,120.1620559,-3.731080714,0.21,0.21,0.00,0.00,0.00,0.00%,50.00%,,
19,ID-SG,Sulawesi Tenggara,0,0,0,0,3,0,0,3,Province,,Sulawesi Tenggara,Indonesia,Asia,Sulawesi,UTC+08:00,,15,2,219,377,1911,38068,2635461,69.23,122.070311,-4.124688793,0.00,1.14,0.00,0.00,0.00,0.00%,0.00%,1.00,1.00
19,ID-SU,Sumatera Utara,0,0,0,0,1,1,0,0,Province,,Sumatera Utara,Indonesia,Asia,Sumatera,UTC+07:00,,25,8,450,693,5417,72981,14874889,203.82,99.05196442,2.191894453,0.00,0.07,0.00,0.07,0.01,100.00%,0.00%,1.00,1.00
20,ID-BA,Bali,0,0,0,0,2,2,3,-3,Province,,Bali,Indonesia,Asia,Nusa Tenggara,UTC+08:00,,8,1,57,80,636,5780,4216171,729.43,115.1317136,-8.369471688,0.00,0.47,0.00,0.47,0.05,100.00%,150.00%,0.00,0.00
20,ID-BT,Banten,0,3,3,-6,6,13,116,-123,Province,,Banten,Indonesia,Asia,Jawa,UTC+07:00,,4,4,155,313,1238,9663,10722374,1109.64,106.1090043,-6.456736388,0.00,0.56,0.28,1.21,0.12,216.67%,1933.33%,1.00,3.00
20,ID-JK,DKI Jakarta,5,3,1,1,73,38,51,-16,Province,,DKI Jakarta,Indonesia,Asia,Jawa,UTC+07:00,Daerah Khusus Ibu Kota,1,5,44,267,,664,10846145,16334.31,106.8361183,-6.204698991,0.46,6.73,0.28,3.50,0.35,52.05%,69.86%,2.50,
20,ID-YO,Daerah Istimewa Yogyakarta,1,0,1,0,2,0,2,0,Province,,Daerah Istimewa Yogyakarta,Indonesia,Asia,Jawa,UTC+07:00,Daerah Istimewa,4,1,78,46,392,3133,3631015,1158.90,110.4448783,-7.89450185,0.28,0.55,0.00,0.00,0.00,0.00%,100.00%,,1.00
20,IDN,Indonesia,60,7,2,51,369,32,17,320,Country,,,Indonesia,Asia,,,,416,98,7230,8488,74953,1916907,265185520,138.34,113.921327,-0.789275,0.23,1.39,0.03,0.12,0.01,8.67%,4.61%,0.73,1.17
20,ID-JA,Jambi,1,0,0,1,1,0,0,1,Province,,Jambi,Indonesia,Asia,Sumatera,UTC+07:00,,9,2,141,163,1399,50058,3493357,69.79,102.7236404,-1.69769766,0.29,0.29,0.00,0.00,0.00,0.00%,0.00%,,
20,ID-JB,Jawa Barat,16,4,0,12,45,8,16,21,Province,,Jawa Barat,Indonesia,Asia,Jawa,UTC+07:00,,18,9,627,645,5312,35378,45161325,1276.55,107.6037083,-6.920432083,0.35,1.00,0.09,0.18,0.02,17.78%,35.56%,3.20,4.00
20,ID-JT,Jawa Tengah,4,0,1,3,17,10,13,-6,Province,,Jawa Tengah,Indonesia,Asia,Jawa,UTC+07:00,,29,6,576,753,7809,32801,36364072,1108.64,110.2011149,-7.259097177,0.11,0.47,0.00,0.27,0.03,58.82%,76.47%,2.00,1.00
20,ID-JI,Jawa Timur,9,0,0,9,30,33,215,-218,Province,,Jawa Timur,Indonesia,Asia,Jawa,UTC+07:00,,29,9,666,777,7724,47803,40479023,846.78,112.7329414,-7.723345579,0.22,0.74,0.00,0.82,0.08,110.00%,716.67%,3.00,1.00
20,ID-KI,Kalimantan Timur,0,0,0,0,7,0,2,5,Province,,Kalimantan Timur,Indonesia,Asia,Kalimantan,UTC+08:00,,7,3,103,197,841,129067,3552191,27.52,116.4684405,0.45385803,0.00,1.97,0.00,0.00,0.00,0.00%,28.57%,1.00,1.00
20,ID-KR,Kepulauan Riau,0,0,0,0,1,1,0,0,Province,,Kepulauan Riau,Indonesia,Asia,Sumatera,UTC+07:00,,5,2,75,142,275,8202,1929400,235.24,108.261746,3.916346,0.00,0.52,0.00,0.52,0.05,100.00%,0.00%,0.00,0.00
20,ID-RI,Riau,0,0,0,0,2,0,3,-1,Province,,Riau,Indonesia,Asia,Sumatera,UTC+07:00,,10,2,169,268,1591,87024,6074100,69.80,101.8051092,0.511647851,0.00,0.33,0.00,0.00,0.00,0.00%,150.00%,1.00,1.00
20,ID-SN,Sulawesi Selatan,0,0,0,0,2,0,1,1,Province,,Sulawesi Selatan,Indonesia,Asia,Sulawesi,UTC+08:00,,21,3,311,792,2255,46717,9426885,201.78,120.1620559,-3.731080714,0.00,0.21,0.00,0.00,0.00,0.00%,50.00%,0.00,1.00
20,ID-SG,Sulawesi Tenggara,0,0,0,0,3,0,0,3,Province,,Sulawesi Tenggara,Indonesia,Asia,Sulawesi,UTC+08:00,,15,2,219,377,1911,38068,2635461,69.23,122.070311,-4.124688793,0.00,1.14,0.00,0.00,0.00,0.00%,0.00%,1.00,1.00
20,ID-SU,Sumatera Utara,0,0,0,0,1,1,0,0,Province,,Sumatera Utara,Indonesia,Asia,Sumatera,UTC+07:00,,25,8,450,693,5417,72981,14874889,203.82,99.05196442,2.191894453,0.00,0.07,0.00,0.07,0.01,100.00%,0.00%,1.00,1.00
21,ID-BA,Bali,0,0,0,0,2,2,3,-3,Province,,Bali,Indonesia,Asia,Nusa Tenggara,UTC+08:00,,8,1,57,80,636,5780,4216171,729.43,115.1317136,-8.369471688,0.00,0.47,0.00,0.47,0.05,100.00%,150.00%,1.00,1.00
21,ID-BT,Banten,0,0,2,-2,6,13,118,-125,Province,,Banten,Indonesia,Asia,Jawa,UTC+07:00,,4,4,155,313,1238,9663,10722374,1109.64,106.1090043,-6.456736388,0.00,0.56,0.00,1.21,0.12,216.67%,1966.67%,1.00,0.00
21,ID-JK,DKI Jakarta,8,3,6,-1,81,41,57,-17,Province,,DKI Jakarta,Indonesia,Asia,Jawa,UTC+07:00,Daerah Khusus Ibu Kota,1,5,44,267,,664,10846145,16334.31,106.8361183,-6.204698991,0.74,7.47,0.28,3.78,0.38,50.62%,70.37%,1.60,1.00
21,ID-YO,Daerah Istimewa Yogyakarta,0,0,0,0,2,0,2,0,Province,,Daerah Istimewa Yogyakarta,Indonesia,Asia,Jawa,UTC+07:00,Daerah Istimewa,4,1,78,46,392,3133,3631015,1158.90,110.4448783,-7.89450185,0.00,0.55,0.00,0.00,0.00,0.00%,100.00%,0.00,1.00
21,IDN,Indonesia,81,6,3,72,450,38,20,392,Country,,,Indonesia,Asia,,,,416,98,7230,8488,74953,1916907,265185520,138.34,113.921327,-0.789275,0.31,1.70,0.02,0.14,0.01,8.44%,4.44%,1.35,0.86
21,ID-JA,Jambi,0,0,0,0,1,0,0,1,Province,,Jambi,Indonesia,Asia,Sumatera,UTC+07:00,,9,2,141,163,1399,50058,3493357,69.79,102.7236404,-1.69769766,0.00,0.29,0.00,0.00,0.00,0.00%,0.00%,0.00,1.00
21,ID-JB,Jawa Barat,5,0,0,5,50,8,16,26,Province,,Jawa Barat,Indonesia,Asia,Jawa,UTC+07:00,,18,9,627,645,5312,35378,45161325,1276.55,107.6037083,-6.920432083,0.11,1.11,0.00,0.18,0.02,16.00%,32.00%,0.31,0.00
21,ID-JT,Jawa Tengah,1,1,0,0,18,11,13,-6,Province,,Jawa Tengah,Indonesia,Asia,Jawa,UTC+07:00,,29,6,576,753,7809,32801,36364072,1108.64,110.2011149,-7.259097177,0.03,0.49,0.03,0.30,0.03,61.11%,72.22%,0.25,
21,ID-JI,Jawa Timur,9,1,0,8,39,34,215,-210,Province,,Jawa Timur,Indonesia,Asia,Jawa,UTC+07:00,,29,9,666,777,7724,47803,40479023,846.78,112.7329414,-7.723345579,0.22,0.96,0.02,0.84,0.08,87.18%,551.28%,1.00,
21,ID-KI,Kalimantan Timur,0,0,0,0,7,0,2,5,Province,,Kalimantan Timur,Indonesia,Asia,Kalimantan,UTC+08:00,,7,3,103,197,841,129067,3552191,27.52,116.4684405,0.45385803,0.00,1.97,0.00,0.00,0.00,0.00%,28.57%,1.00,1.00
21,ID-KR,Kepulauan Riau,0,0,0,0,1,1,0,0,Province,,Kepulauan Riau,Indonesia,Asia,Sumatera,UTC+07:00,,5,2,75,142,275,8202,1929400,235.24,108.261746,3.916346,0.00,0.52,0.00,0.52,0.05,100.00%,0.00%,1.00,1.00
21,ID-RI,Riau,0,0,0,0,2,0,3,-1,Province,,Riau,Indonesia,Asia,Sumatera,UTC+07:00,,10,2,169,268,1591,87024,6074100,69.80,101.8051092,0.511647851,0.00,0.33,0.00,0.00,0.00,0.00%,150.00%,1.00,1.00
21,ID-SN,Sulawesi Selatan,0,0,0,0,2,0,1,1,Province,,Sulawesi Selatan,Indonesia,Asia,Sulawesi,UTC+08:00,,21,3,311,792,2255,46717,9426885,201.78,120.1620559,-3.731080714,0.00,0.21,0.00,0.00,0.00,0.00%,50.00%,1.00,1.00
21,ID-SG,Sulawesi Tenggara,0,0,0,0,3,0,0,3,Province,,Sulawesi Tenggara,Indonesia,Asia,Sulawesi,UTC+08:00,,15,2,219,377,1911,38068,2635461,69.23,122.070311,-4.124688793,0.00,1.14,0.00,0.00,0.00,0.00%,0.00%,1.00,1.00
21,ID-SU,Sumatera Utara,0,0,0,0,1,1,0,0,Province,,Sumatera Utara,Indonesia,Asia,Sumatera,UTC+07:00,,25,8,450,693,5417,72981,14874889,203.82,99.05196442,2.191894453,0.00,0.07,0.00,0.07,0.01,100.00%,0.00%,1.00,1.00
22,ID-BA,Bali,0,0,0,0,2,2,3,-3,Province,,Bali,Indonesia,Asia,Nusa Tenggara,UTC+08:00,,8,1,57,80,636,5780,4216171,729.43,115.1317136,-8.369471688,0.00,0.47,0.00,0.47,0.05,100.00%,150.00%,1.00,1.00
22,ID-BT,Banten,0,2,0,-2,6,15,118,-127,Province,,Banten,Indonesia,Asia,Jawa,UTC+07:00,,4,4,155,313,1238,9663,10722374,1109.64,106.1090043,-6.456736388,0.00,0.56,0.19,1.40,0.14,250.00%,1966.67%,1.00,
22,ID-JK,DKI Jakarta,2,0,3,-1,83,41,60,-18,Province,,DKI Jakarta,Indonesia,Asia,Jawa,UTC+07:00,Daerah Khusus Ibu Kota,1,5,44,267,,664,10846145,16334.31,106.8361183,-6.204698991,0.18,7.65,0.00,3.78,0.38,49.40%,72.29%,0.25,0.00
22,ID-YO,Daerah Istimewa Yogyakarta,0,0,0,0,2,0,2,0,Province,,Daerah Istimewa Yogyakarta,Indonesia,Asia,Jawa,UTC+07:00,Daerah Istimewa,4,1,78,46,392,3133,3631015,1158.90,110.4448783,-7.89450185,0.00,0.55,0.00,0.00,0.00,0.00%,100.00%,1.00,1.00
22,IDN,Indonesia,64,10,9,45,514,48,29,437,Country,,,Indonesia,Asia,,,,416,98,7230,8488,74953,1916907,265185520,138.34,113.921327,-0.789275,0.24,1.94,0.04,0.18,0.02,9.34%,5.64%,0.79,1.67
22,ID-JA,Jambi,0,0,0,0,1,0,0,1,Province,,Jambi,Indonesia,Asia,Sumatera,UTC+07:00,,9,2,141,163,1399,50058,3493357,69.79,102.7236404,-1.69769766,0.00,0.29,0.00,0.00,0.00,0.00%,0.00%,1.00,1.00
22,ID-JB,Jawa Barat,3,3,1,-1,53,11,17,25,Province,,Jawa Barat,Indonesia,Asia,Jawa,UTC+07:00,,18,9,627,645,5312,35378,45161325,1276.55,107.6037083,-6.920432083,0.07,1.17,0.07,0.24,0.02,20.75%,32.08%,0.60,
22,ID-JT,Jawa Tengah,1,0,1,0,19,11,14,-6,Province,,Jawa Tengah,Indonesia,Asia,Jawa,UTC+07:00,,29,6,576,753,7809,32801,36364072,1108.64,110.2011149,-7.259097177,0.03,0.52,0.00,0.30,0.03,57.89%,73.68%,1.00,0.00
22,ID-JI,Jawa Timur,14,0,0,14,53,34,215,-196,Province,,Jawa Timur,Indonesia,Asia,Jawa,UTC+07:00,,29,9,666,777,7724,47803,40479023,846.78,112.7329414,-7.723345579,0.35,1.31,0.00,0.84,0.08,64.15%,405.66%,1.56,0.00
22,ID-KI,Kalimantan Timur,0,0,0,0,7,0,2,5,Province,,Kalimantan Timur,Indonesia,Asia,Kalimantan,UTC+08:00,,7,3,103,197,841,129067,3552191,27.52,116.4684405,0.45385803,0.00,1.97,0.00,0.00,0.00,0.00%,28.57%,1.00,1.00
22,ID-KR,Kepulauan Riau,0,0,0,0,1,1,0,0,Province,,Kepulauan Riau,Indonesia,Asia,Sumatera,UTC+07:00,,5,2,75,142,275,8202,1929400,235.24,108.261746,3.916346,0.00,0.52,0.00,0.52,0.05,100.00%,0.00%,1.00,1.00
22,ID-MA,Maluku,1,0,0,1,1,0,0,1,Province,,Maluku,Indonesia,Asia,Maluku,UTC+09:00,,9,2,118,35,1198,46914,1847097,39.37,129.576792,-3.192572,0.54,0.54,0.00,0.00,0.00,0.00%,0.00%,,
22,ID-PA,Papua,2,0,0,2,2,1,1,0,Province,,Papua,Indonesia,Asia,Papua,UTC+09:00,Daerah Khusus,28,1,560,110,5411,319036,4340348,13.60,138.69603,-4.66620953,0.46,0.46,0.00,0.23,0.02,50.00%,50.00%,,
22,ID-RI,Riau,0,0,0,0,2,0,3,-1,Province,,Riau,Indonesia,Asia,Sumatera,UTC+07:00,,10,2,169,268,1591,87024,6074100,69.80,101.8051092,0.511647851,0.00,0.33,0.00,0.00,0.00,0.00%,150.00%,1.00,1.00
22,ID-SN,Sulawesi Selatan,0,0,0,0,2,0,1,1,Province,,Sulawesi Selatan,Indonesia,Asia,Sulawesi,UTC+08:00,,21,3,311,792,2255,46717,9426885,201.78,120.1620559,-3.731080714,0.00,0.21,0.00,0.00,0.00,0.00%,50.00%,1.00,1.00
22,ID-SG,Sulawesi Tenggara,0,0,0,0,3,0,0,3,Province,,Sulawesi Tenggara,Indonesia,Asia,Sulawesi,UTC+08:00,,15,2,219,377,1911,38068,2635461,69.23,122.070311,-4.124688793,0.00,1.14,0.00,0.00,0.00,0.00%,0.00%,1.00,1.00
22,ID-SU,Sumatera Utara,0,0,0,0,1,1,0,0,Province,,Sumatera Utara,Indonesia,Asia,Sumatera,UTC+07:00,,25,8,450,693,5417,72981,14874889,203.82,99.05196442,2.191894453,0.00,0.07,0.00,0.07,0.01,100.00%,0.00%,1.00,1.00
23,ID-BA,Bali,0,0,0,0,2,2,3,-3,Province,,Bali,Indonesia,Asia,Nusa Tenggara,UTC+08:00,,8,1,57,80,636,5780,4216171,729.43,115.1317136,-8.369471688,0.00,0.47,0.00,0.47,0.05,100.00%,150.00%,1.00,1.00
23,ID-BT,Banten,0,2,3,-5,6,17,121,-132,Province,,Banten,Indonesia,Asia,Jawa,UTC+07:00,,4,4,155,313,1238,9663,10722374,1109.64,106.1090043,-6.456736388,0.00,0.56,0.19,1.59,0.16,283.33%,2016.67%,1.00,1.00
23,ID-JK,DKI Jakarta,0,0,0,0,83,41,60,-18,Province,,DKI Jakarta,Indonesia,Asia,Jawa,UTC+07:00,Daerah Khusus Ibu Kota,1,5,44,267,,664,10846145,16334.31,106.8361183,-6.204698991,0.00,7.65,0.00,3.78,0.38,49.40%,72.29%,0.00,1.00
23,ID-YO,Daerah Istimewa Yogyakarta,0,1,0,-1,2,1,2,-1,Province,,Daerah Istimewa Yogyakarta,Indonesia,Asia,Jawa,UTC+07:00,Daerah Istimewa,4,1,78,46,392,3133,3631015,1158.90,110.4448783,-7.89450185,0.00,0.55,0.28,0.28,0.03,50.00%,100.00%,1.00,
23,IDN,Indonesia,65,1,1,63,579,49,30,500,Country,,,Indonesia,Asia,,,,416,98,7230,8488,74953,1916907,265185520,138.34,113.921327,-0.789275,0.25,2.18,0.00,0.18,0.02,8.46%,5.18%,1.02,0.10
23,ID-JA,Jambi,0,0,0,0,1,0,0,1,Province,,Jambi,Indonesia,Asia,Sumatera,UTC+07:00,,9,2,141,163,1399,50058,3493357,69.79,102.7236404,-1.69769766,0.00,0.29,0.00,0.00,0.00,0.00%,0.00%,1.00,1.00
23,ID-JB,Jawa Barat,6,4,0,2,59,15,17,27,Province,,Jawa Barat,Indonesia,Asia,Jawa,UTC+07:00,,18,9,627,645,5312,35378,45161325,1276.55,107.6037083,-6.920432083,0.13,1.31,0.09,0.33,0.03,25.42%,28.81%,2.00,1.33
23,ID-JT,Jawa Tengah,3,0,0,3,22,11,14,-3,Province,,Jawa Tengah,Indonesia,Asia,Jawa,UTC+07:00,,29,6,576,753,7809,32801,36364072,1108.64,110.2011149,-7.259097177,0.08,0.60,0.00,0.30,0.03,50.00%,63.64%,3.00,1.00
23,ID-JI,Jawa Timur,2,1,0,1,55,35,215,-195,Province,,Jawa Timur,Indonesia,Asia,Jawa,UTC+07:00,,29,9,666,777,7724,47803,40479023,846.78,112.7329414,-7.723345579,0.05,1.36,0.02,0.86,0.09,63.64%,390.91%,0.14,
23,ID-KI,Kalimantan Timur,1,0,0,1,8,0,2,6,Province,,Kalimantan Timur,Indonesia,Asia,Kalimantan,UTC+08:00,,7,3,103,197,841,129067,3552191,27.52,116.4684405,0.45385803,0.28,2.25,0.00,0.00,0.00,0.00%,25.00%,,1.00
23,ID-KR,Kepulauan Riau,0,0,0,0,1,1,0,0,Province,,Kepulauan Riau,Indonesia,Asia,Sumatera,UTC+07:00,,5,2,75,142,275,8202,1929400,235.24,108.261746,3.916346,0.00,0.52,0.00,0.52,0.05,100.00%,0.00%,1.00,1.00
23,ID-MA,Maluku,0,0,0,0,1,0,0,1,Province,,Maluku,Indonesia,Asia,Maluku,UTC+09:00,,9,2,118,35,1198,46914,1847097,39.37,129.576792,-3.192572,0.00,0.54,0.00,0.00,0.00,0.00%,0.00%,0.00,1.00
23,ID-MU,Maluku Utara,1,0,0,1,1,0,2,-1,Province,,Maluku Utara,Indonesia,Asia,Maluku,UTC+09:00,,8,2,116,118,1063,31983,1307803,40.89,127.5391072,0.212036949,0.76,0.76,0.00,0.00,0.00,0.00%,200.00%,,
23,ID-PA,Papua,0,0,0,0,2,1,1,0,Province,,Papua,Indonesia,Asia,Papua,UTC+09:00,Daerah Khusus,28,1,560,110,5411,319036,4340348,13.60,138.69603,-4.66620953,0.00,0.46,0.00,0.23,0.02,50.00%,50.00%,0.00,1.00
23,ID-RI,Riau,0,0,0,0,2,0,3,-1,Province,,Riau,Indonesia,Asia,Sumatera,UTC+07:00,,10,2,169,268,1591,87024,6074100,69.80,101.8051092,0.511647851,0.00,0.33,0.00,0.00,0.00,0.00%,150.00%,1.00,1.00
23,ID-SN,Sulawesi Selatan,0,1,0,-1,2,1,1,0,Province,,Sulawesi Selatan,Indonesia,Asia,Sulawesi,UTC+08:00,,21,3,311,792,2255,46717,9426885,201.78,120.1620559,-3.731080714,0.00,0.21,0.11,0.11,0.01,50.00%,50.00%,1.00,
23,ID-SG,Sulawesi Tenggara,0,0,0,0,3,0,0,3,Province,,Sulawesi Tenggara,Indonesia,Asia,Sulawesi,UTC+08:00,,15,2,219,377,1911,38068,2635461,69.23,122.070311,-4.124688793,0.00,1.14,0.00,0.00,0.00,0.00%,0.00%,1.00,1.00
23,ID-SS,Sumatera Selatan,1,2,0,-1,1,2,1,-2,Province,,Sumatera Selatan,Indonesia,Asia,Sumatera,UTC+07:00,,13,4,241,387,2853,91592,8217551,89.72,104.1694647,-3.216211808,0.12,0.12,0.24,0.24,0.02,200.00%,100.00%,,
23,ID-SU,Sumatera Utara,0,0,0,0,1,1,0,0,Province,,Sumatera Utara,Indonesia,Asia,Sumatera,UTC+07:00,,25,8,450,693,5417,72981,14874889,203.82,99.05196442,2.191894453,0.00,0.07,0.00,0.07,0.01,100.00%,0.00%,1.00,1.00
24,ID-BA,Bali,0,0,0,0,2,2,3,-3,Province,,Bali,Indonesia,Asia,Nusa Tenggara,UTC+08:00,,8,1,57,80,636,5780,4216171,729.43,115.1317136,-8.369471688,0.00,0.47,0.00,0.47,0.05,100.00%,150.00%,1.00,1.00
24,ID-BT,Banten,0,1,3,-4,6,18,124,-136,Province,,Banten,Indonesia,Asia,Jawa,UTC+07:00,,4,4,155,313,1238,9663,10722374,1109.64,106.1090043,-6.456736388,0.00,0.56,0.09,1.68,0.17,300.00%,2066.67%,1.00,0.50
24,ID-JK,DKI Jakarta,16,19,3,-6,99,60,63,-24,Province,,DKI Jakarta,Indonesia,Asia,Jawa,UTC+07:00,Daerah Khusus Ibu Kota,1,5,44,267,,664,10846145,16334.31,106.8361183,-6.204698991,1.48,9.13,1.75,5.53,0.55,60.61%,63.64%,,
24,ID-YO,Daerah Istimewa Yogyakarta,0,0,0,0,2,1,2,-1,Province,,Daerah Istimewa Yogyakarta,Indonesia,Asia,Jawa,UTC+07:00,Daerah Istimewa,4,1,78,46,392,3133,3631015,1158.90,110.4448783,-7.89450185,0.00,0.55,0.00,0.28,0.03,50.00%,100.00%,1.00,0.00
24,IDN,Indonesia,106,6,0,100,685,55,30,600,Country,,,Indonesia,Asia,,,,416,98,7230,8488,74953,1916907,265185520,138.34,113.921327,-0.789275,0.40,2.58,0.02,0.21,0.02,8.03%,4.38%,1.63,6.00
24,ID-JA,Jambi,0,0,0,0,1,0,0,1,Province,,Jambi,Indonesia,Asia,Sumatera,UTC+07:00,,9,2,141,163,1399,50058,3493357,69.79,102.7236404,-1.69769766,0.00,0.29,0.00,0.00,0.00,0.00%,0.00%,1.00,1.00
24,ID-JB,Jawa Barat,2,2,2,-2,61,17,19,25,Province,,Jawa Barat,Indonesia,Asia,Jawa,UTC+07:00,,18,9,627,645,5312,35378,45161325,1276.55,107.6037083,-6.920432083,0.04,1.35,0.04,0.38,0.04,27.87%,31.15%,0.33,0.50
24,ID-JT,Jawa Tengah,3,1,1,1,25,12,15,-2,Province,,Jawa Tengah,Indonesia,Asia,Jawa,UTC+07:00,,29,6,576,753,7809,32801,36364072,1108.64,110.2011149,-7.259097177,0.08,0.69,0.03,0.33,0.03,48.00%,60.00%,1.00,
24,ID-JI,Jawa Timur,3,1,0,2,58,36,215,-193,Province,,Jawa Timur,Indonesia,Asia,Jawa,UTC+07:00,,29,9,666,777,7724,47803,40479023,846.78,112.7329414,-7.723345579,0.07,1.43,0.02,0.89,0.09,62.07%,370.69%,1.50,1.00
24,ID-KI,Kalimantan Timur,0,0,0,0,8,0,2,6,Province,,Kalimantan Timur,Indonesia,Asia,Kalimantan,UTC+08:00,,7,3,103,197,841,129067,3552191,27.52,116.4684405,0.45385803,0.00,2.25,0.00,0.00,0.00,0.00%,25.00%,0.00,1.00
24,ID-KR,Kepulauan Riau,0,0,0,0,1,1,0,0,Province,,Kepulauan Riau,Indonesia,Asia,Sumatera,UTC+07:00,,5,2,75,142,275,8202,1929400,235.24,108.261746,3.916346,0.00,0.52,0.00,0.52,0.05,100.00%,0.00%,1.00,1.00
24,ID-MA,Maluku,0,0,0,0,1,0,0,1,Province,,Maluku,Indonesia,Asia,Maluku,UTC+09:00,,9,2,118,35,1198,46914,1847097,39.37,129.576792,-3.192572,0.00,0.54,0.00,0.00,0.00,0.00%,0.00%,1.00,1.00
24,ID-MU,Maluku Utara,0,0,0,0,1,0,2,-1,Province,,Maluku Utara,Indonesia,Asia,Maluku,UTC+09:00,,8,2,116,118,1063,31983,1307803,40.89,127.5391072,0.212036949,0.00,0.76,0.00,0.00,0.00,0.00%,200.00%,0.00,1.00
24,ID-PA,Papua,0,0,0,0,2,1,1,0,Province,,Papua,Indonesia,Asia,Papua,UTC+09:00,Daerah Khusus,28,1,560,110,5411,319036,4340348,13.60,138.69603,-4.66620953,0.00,0.46,0.00,0.23,0.02,50.00%,50.00%,1.00,1.00
24,ID-RI,Riau,0,0,0,0,2,0,3,-1,Province,,Riau,Indonesia,Asia,Sumatera,UTC+07:00,,10,2,169,268,1591,87024,6074100,69.80,101.8051092,0.511647851,0.00,0.33,0.00,0.00,0.00,0.00%,150.00%,1.00,1.00
24,ID-SN,Sulawesi Selatan,2,0,0,2,4,1,1,2,Province,,Sulawesi Selatan,Indonesia,Asia,Sulawesi,UTC+08:00,,21,3,311,792,2255,46717,9426885,201.78,120.1620559,-3.731080714,0.21,0.42,0.00,0.11,0.01,25.00%,25.00%,,0.00
24,ID-SG,Sulawesi Tenggara,0,0,0,0,3,0,0,3,Province,,Sulawesi Tenggara,Indonesia,Asia,Sulawesi,UTC+08:00,,15,2,219,377,1911,38068,2635461,69.23,122.070311,-4.124688793,0.00,1.14,0.00,0.00,0.00,0.00%,0.00%,1.00,1.00
24,ID-SS,Sumatera Selatan,0,0,0,0,1,2,1,-2,Province,,Sumatera Selatan,Indonesia,Asia,Sumatera,UTC+07:00,,13,4,241,387,2853,91592,8217551,89.72,104.1694647,-3.216211808,0.00,0.12,0.00,0.24,0.02,200.00%,100.00%,0.00,0.00
24,ID-SU,Sumatera Utara,0,0,0,0,1,1,0,0,Province,,Sumatera Utara,Indonesia,Asia,Sumatera,UTC+07:00,,25,8,450,693,5417,72981,14874889,203.82,99.05196442,2.191894453,0.00,0.07,0.00,0.07,0.01,100.00%,0.00%,1.00,1.00
25,ID-BA,Bali,0,0,0,0,2,2,3,-3,Province,,Bali,Indonesia,Asia,Nusa Tenggara,UTC+08:00,,8,1,57,80,636,5780,4216171,729.43,115.1317136,-8.369471688,0.00,0.47,0.00,0.47,0.05,100.00%,150.00%,1.00,1.00
25,ID-BT,Banten,0,1,3,-4,6,19,127,-140,Province,,Banten,Indonesia,Asia,Jawa,UTC+07:00,,4,4,155,313,1238,9663,10722374,1109.64,106.1090043,-6.456736388,0.00,0.56,0.09,1.77,0.18,316.67%,2116.67%,1.00,1.00
25,ID-JK,DKI Jakarta,1,1,0,0,100,61,63,-24,Province,,DKI Jakarta,Indonesia,Asia,Jawa,UTC+07:00,Daerah Khusus Ibu Kota,1,5,44,267,,664,10846145,16334.31,106.8361183,-6.204698991,0.09,9.22,0.09,5.62,0.56,61.00%,63.00%,0.06,0.05
25,ID-YO,Daerah Istimewa Yogyakarta,1,1,0,0,3,2,2,-1,Province,,Daerah Istimewa Yogyakarta,Indonesia,Asia,Jawa,UTC+07:00,Daerah Istimewa,4,1,78,46,392,3133,3631015,1158.90,110.4448783,-7.89450185,0.28,0.83,0.28,0.55,0.06,66.67%,66.67%,,
25,IDN,Indonesia,105,3,1,101,790,58,31,701,Country,,,Indonesia,Asia,,,,416,98,7230,8488,74953,1916907,265185520,138.34,113.921327,-0.789275,0.40,2.98,0.01,0.22,0.02,7.34%,3.92%,0.99,0.50
25,ID-JA,Jambi,0,0,0,0,1,0,0,1,Province,,Jambi,Indonesia,Asia,Sumatera,UTC+07:00,,9,2,141,163,1399,50058,3493357,69.79,102.7236404,-1.69769766,0.00,0.29,0.00,0.00,0.00,0.00%,0.00%,1.00,1.00
25,ID-JB,Jawa Barat,5,0,1,4,66,17,20,29,Province,,Jawa Barat,Indonesia,Asia,Jawa,UTC+07:00,,18,9,627,645,5312,35378,45161325,1276.55,107.6037083,-6.920432083,0.11,1.46,0.00,0.38,0.04,25.76%,30.30%,2.50,0.00
25,ID-JT,Jawa Tengah,23,1,1,21,48,13,16,19,Province,,Jawa Tengah,Indonesia,Asia,Jawa,UTC+07:00,,29,6,576,753,7809,32801,36364072,1108.64,110.2011149,-7.259097177,0.63,1.32,0.03,0.36,0.04,27.08%,33.33%,7.67,1.00
25,ID-JI,Jawa Timur,9,0,1,8,67,36,216,-185,Province,,Jawa Timur,Indonesia,Asia,Jawa,UTC+07:00,,29,9,666,777,7724,47803,40479023,846.78,112.7329414,-7.723345579,0.22,1.66,0.00,0.89,0.09,53.73%,322.39%,3.00,0.00
25,ID-KI,Kalimantan Timur,0,0,0,0,8,0,2,6,Province,,Kalimantan Timur,Indonesia,Asia,Kalimantan,UTC+08:00,,7,3,103,197,841,129067,3552191,27.52,116.4684405,0.45385803,0.00,2.25,0.00,0.00,0.00,0.00%,25.00%,1.00,1.00
25,ID-KR,Kepulauan Riau,0,0,0,0,1,1,0,0,Province,,Kepulauan Riau,Indonesia,Asia,Sumatera,UTC+07:00,,5,2,75,142,275,8202,1929400,235.24,108.261746,3.916346,0.00,0.52,0.00,0.52,0.05,100.00%,0.00%,1.00,1.00
25,ID-MA,Maluku,0,0,0,0,1,0,0,1,Province,,Maluku,Indonesia,Asia,Maluku,UTC+09:00,,9,2,118,35,1198,46914,1847097,39.37,129.576792,-3.192572,0.00,0.54,0.00,0.00,0.00,0.00%,0.00%,1.00,1.00
25,ID-MU,Maluku Utara,0,0,0,0,1,0,2,-1,Province,,Maluku Utara,Indonesia,Asia,Maluku,UTC+09:00,,8,2,116,118,1063,31983,1307803,40.89,127.5391072,0.212036949,0.00,0.76,0.00,0.00,0.00,0.00%,200.00%,1.00,1.00
25,ID-PA,Papua,0,0,0,0,2,1,1,0,Province,,Papua,Indonesia,Asia,Papua,UTC+09:00,Daerah Khusus,28,1,560,110,5411,319036,4340348,13.60,138.69603,-4.66620953,0.00,0.46,0.00,0.23,0.02,50.00%,50.00%,1.00,1.00
25,ID-RI,Riau,0,0,0,0,2,0,3,-1,Province,,Riau,Indonesia,Asia,Sumatera,UTC+07:00,,10,2,169,268,1591,87024,6074100,69.80,101.8051092,0.511647851,0.00,0.33,0.00,0.00,0.00,0.00%,150.00%,1.00,1.00
25,ID-SN,Sulawesi Selatan,9,0,0,9,13,1,1,11,Province,,Sulawesi Selatan,Indonesia,Asia,Sulawesi,UTC+08:00,,21,3,311,792,2255,46717,9426885,201.78,120.1620559,-3.731080714,0.95,1.38,0.00,0.11,0.01,7.69%,7.69%,4.50,1.00
25,ID-SG,Sulawesi Tenggara,0,0,0,0,3,0,0,3,Province,,Sulawesi Tenggara,Indonesia,Asia,Sulawesi,UTC+08:00,,15,2,219,377,1911,38068,2635461,69.23,122.070311,-4.124688793,0.00,1.14,0.00,0.00,0.00,0.00%,0.00%,1.00,1.00
25,ID-SS,Sumatera Selatan,0,0,0,0,1,2,1,-2,Province,,Sumatera Selatan,Indonesia,Asia,Sumatera,UTC+07:00,,13,4,241,387,2853,91592,8217551,89.72,104.1694647,-3.216211808,0.00,0.12,0.00,0.24,0.02,200.00%,100.00%,1.00,1.00
25,ID-SU,Sumatera Utara,0,0,0,0,1,1,0,0,Province,,Sumatera Utara,Indonesia,Asia,Sumatera,UTC+07:00,,25,8,450,693,5417,72981,14874889,203.82,99.05196442,2.191894453,0.00,0.07,0.00,0.07,0.01,100.00%,0.00%,1.00,1.00
26,ID-AC,Aceh,1,0,0,1,1,0,0,1,Province,,Aceh,Indonesia,Asia,Sumatera,UTC+07:00,Daerah Khusus,18,5,289,,6497,57956,5247257,90.54,96.91052174,4.225614628,0.19,0.19,0.00,0.00,0.00,0.00%,0.00%,,
26,ID-BA,Bali,0,0,0,0,2,2,3,-3,Province,,Bali,Indonesia,Asia,Nusa Tenggara,UTC+08:00,,8,1,57,80,636,5780,4216171,729.43,115.1317136,-8.369471688,0.00,0.47,0.00,0.47,0.05,100.00%,150.00%,1.00,1.00
26,ID-BT,Banten,0,0,4,-4,6,19,131,-144,Province,,Banten,Indonesia,Asia,Jawa,UTC+07:00,,4,4,155,313,1238,9663,10722374,1109.64,106.1090043,-6.456736388,0.00,0.56,0.00,1.77,0.18,316.67%,2183.33%,1.00,0.00
26,ID-JK,DKI Jakarta,57,2,0,55,157,63,63,31,Province,,DKI Jakarta,Indonesia,Asia,Jawa,UTC+07:00,Daerah Khusus Ibu Kota,1,5,44,267,,664,10846145,16334.31,106.8361183,-6.204698991,5.26,14.48,0.18,5.81,0.58,40.13%,40.13%,57.00,2.00
26,ID-YO,Daerah Istimewa Yogyakarta,0,0,0,0,3,2,2,-1,Province,,Daerah Istimewa Yogyakarta,Indonesia,Asia,Jawa,UTC+07:00,Daerah Istimewa,4,1,78,46,392,3133,3631015,1158.90,110.4448783,-7.89450185,0.00,0.83,0.00,0.55,0.06,66.67%,66.67%,0.00,0.00
26,IDN,Indonesia,103,20,4,79,893,78,35,780,Country,,,Indonesia,Asia,,,,416,98,7230,8488,74953,1916907,265185520,138.34,113.921327,-0.789275,0.39,3.37,0.08,0.29,0.03,8.73%,3.92%,0.98,6.67
26,ID-JA,Jambi,0,0,0,0,1,0,0,1,Province,,Jambi,Indonesia,Asia,Sumatera,UTC+07:00,,9,2,141,163,1399,50058,3493357,69.79,102.7236404,-1.69769766,0.00,0.29,0.00,0.00,0.00,0.00%,0.00%,1.00,1.00
26,ID-JB,Jawa Barat,5,1,0,4,71,18,20,33,Province,,Jawa Barat,Indonesia,Asia,Jawa,UTC+07:00,,18,9,627,645,5312,35378,45161325,1276.55,107.6037083,-6.920432083,0.11,1.57,0.02,0.40,0.04,25.35%,28.17%,1.00,
26,ID-JT,Jawa Tengah,4,0,1,3,52,13,17,22,Province,,Jawa Tengah,Indonesia,Asia,Jawa,UTC+07:00,,29,6,576,753,7809,32801,36364072,1108.64,110.2011149,-7.259097177,0.11,1.43,0.00,0.36,0.04,25.00%,32.69%,0.17,0.00
26,ID-JI,Jawa Timur,13,1,0,12,80,37,216,-173,Province,,Jawa Timur,Indonesia,Asia,Jawa,UTC+07:00,,29,9,666,777,7724,47803,40479023,846.78,112.7329414,-7.723345579,0.32,1.98,0.02,0.91,0.09,46.25%,270.00%,1.44,
26,ID-KT,Kalimantan Tengah,2,0,0,2,2,1,39,-38,Province,,Kalimantan Tengah,Indonesia,Asia,Kalimantan,UTC+07:00,,13,1,136,139,1432,153565,2570289,16.74,113.4176536,-1.602484653,0.78,0.78,0.00,0.39,0.04,50.00%,1950.00%,,
26,ID-KI,Kalimantan Timur,0,0,0,0,8,0,2,6,Province,,Kalimantan Timur,Indonesia,Asia,Kalimantan,UTC+08:00,,7,3,103,197,841,129067,3552191,27.52,116.4684405,0.45385803,0.00,2.25,0.00,0.00,0.00,0.00%,25.00%,1.00,1.00
26,ID-KR,Kepulauan Riau,0,0,0,0,1,1,0,0,Province,,Kepulauan Riau,Indonesia,Asia,Sumatera,UTC+07:00,,5,2,75,142,275,8202,1929400,235.24,108.261746,3.916346,0.00,0.52,0.00,0.52,0.05,100.00%,0.00%,1.00,1.00
26,ID-LA,Lampung,2,0,0,2,2,1,0,1,Province,,Lampung,Indonesia,Asia,Sumatera,UTC+07:00,,13,2,228,205,2435,34624,9095591,262.70,105.0214366,-4.916792975,0.22,0.22,0.00,0.11,0.01,50.00%,0.00%,,
26,ID-MA,Maluku,0,0,0,0,1,0,0,1,Province,,Maluku,Indonesia,Asia,Maluku,UTC+09:00,,9,2,118,35,1198,46914,1847097,39.37,129.576792,-3.192572,0.00,0.54,0.00,0.00,0.00,0.00%,0.00%,1.00,1.00
26,ID-MU,Maluku Utara,0,0,0,0,1,0,2,-1,Province,,Maluku Utara,Indonesia,Asia,Maluku,UTC+09:00,,8,2,116,118,1063,31983,1307803,40.89,127.5391072,0.212036949,0.00,0.76,0.00,0.00,0.00,0.00%,200.00%,1.00,1.00
26,ID-PA,Papua,4,0,0,4,6,1,1,4,Province,,Papua,Indonesia,Asia,Papua,UTC+09:00,Daerah Khusus,28,1,560,110,5411,319036,4340348,13.60,138.69603,-4.66620953,0.92,1.38,0.00,0.23,0.02,16.67%,16.67%,,1.00
26,ID-RI,Riau,0,0,0,0,2,0,3,-1,Province,,Riau,Indonesia,Asia,Sumatera,UTC+07:00,,10,2,169,268,1591,87024,6074100,69.80,101.8051092,0.511647851,0.00,0.33,0.00,0.00,0.00,0.00%,150.00%,1.00,1.00
26,ID-SN,Sulawesi Selatan,14,0,0,14,27,1,1,25,Province,,Sulawesi Selatan,Indonesia,Asia,Sulawesi,UTC+08:00,,21,3,311,792,2255,46717,9426885,201.78,120.1620559,-3.731080714,1.49,2.86,0.00,0.11,0.01,3.70%,3.70%,1.56,1.00
26,ID-ST,Sulawesi Tengah,1,0,0,1,1,0,0,1,Province,,Sulawesi Tengah,Indonesia,Asia,Sulawesi,UTC+08:00,,12,1,175,175,1842,61841,2955567,47.79,121.2010927,-1.00413668,0.34,0.34,0.00,0.00,0.00,0.00%,0.00%,,
26,ID-SG,Sulawesi Tenggara,0,0,0,0,3,0,0,3,Province,,Sulawesi Tenggara,Indonesia,Asia,Sulawesi,UTC+08:00,,15,2,219,377,1911,38068,2635461,69.23,122.070311,-4.124688793,0.00,1.14,0.00,0.00,0.00,0.00%,0.00%,1.00,1.00
26,ID-SA,Sulawesi Utara,1,0,1,0,1,0,1,0,Province,,Sulawesi Utara,Indonesia,Asia,Sulawesi,UTC+08:00,,11,4,171,332,1507,13892,2641884,190.17,124.5212396,1.259638212,0.38,0.38,0.00,0.00,0.00,0.00%,100.00%,,
26,ID-SB,Sumatera Barat,3,0,0,3,3,0,1,2,Province,,Sumatera Barat,Indonesia,Asia,Sumatera,UTC+07:00,,12,7,179,230,928,42013,5519245,131.37,100.4650624,-0.850253225,0.54,0.54,0.00,0.00,0.00,0.00%,33.33%,,
26,ID-SS,Sumatera Selatan,0,0,0,0,1,2,1,-2,Province,,Sumatera Selatan,Indonesia,Asia,Sumatera,UTC+07:00,,13,4,241,387,2853,91592,8217551,89.72,104.1694647,-3.216211808,0.00,0.12,0.00,0.24,0.02,200.00%,100.00%,1.00,1.00
26,ID-SU,Sumatera Utara,0,0,0,0,1,1,0,0,Province,,Sumatera Utara,Indonesia,Asia,Sumatera,UTC+07:00,,25,8,450,693,5417,72981,14874889,203.82,99.05196442,2.191894453,0.00,0.07,0.00,0.07,0.01,100.00%,0.00%,1.00,1.00
27,ID-AC,Aceh,3,0,0,3,4,0,0,4,Province,,Aceh,Indonesia,Asia,Sumatera,UTC+07:00,Daerah Khusus,18,5,289,,6497,57956,5247257,90.54,96.91052174,4.225614628,0.57,0.76,0.00,0.00,0.00,0.00%,0.00%,3.00,1.00
27,ID-BA,Bali,0,0,0,0,2,2,3,-3,Province,,Bali,Indonesia,Asia,Nusa Tenggara,UTC+08:00,,8,1,57,80,636,5780,4216171,729.43,115.1317136,-8.369471688,0.00,0.47,0.00,0.47,0.05,100.00%,150.00%,1.00,1.00
27,ID-BT,Banten,25,2,3,20,31,21,134,-124,Province,,Banten,Indonesia,Asia,Jawa,UTC+07:00,,4,4,155,313,1238,9663,10722374,1109.64,106.1090043,-6.456736388,2.33,2.89,0.19,1.96,0.20,67.74%,432.26%,,
27,ID-JK,DKI Jakarta,74,7,6,61,231,70,69,92,Province,,DKI Jakarta,Indonesia,Asia,Jawa,UTC+07:00,Daerah Khusus Ibu Kota,1,5,44,267,,664,10846145,16334.31,106.8361183,-6.204698991,6.82,21.30,0.65,6.45,0.65,30.30%,29.87%,1.30,3.50
27,ID-YO,Daerah Istimewa Yogyakarta,1,0,0,1,4,2,2,0,Province,,Daerah Istimewa Yogyakarta,Indonesia,Asia,Jawa,UTC+07:00,Daerah Istimewa,4,1,78,46,392,3133,3631015,1158.90,110.4448783,-7.89450185,0.28,1.10,0.00,0.55,0.06,50.00%,50.00%,,1.00
27,IDN,Indonesia,153,9,11,133,1046,87,46,913,Country,,,Indonesia,Asia,,,,416,98,7230,8488,74953,1916907,265185520,138.34,113.921327,-0.789275,0.58,3.94,0.03,0.33,0.03,8.32%,4.40%,1.49,0.45
27,ID-JA,Jambi,0,0,0,0,1,0,0,1,Province,,Jambi,Indonesia,Asia,Sumatera,UTC+07:00,,9,2,141,163,1399,50058,3493357,69.79,102.7236404,-1.69769766,0.00,0.29,0.00,0.00,0.00,0.00%,0.00%,1.00,1.00
27,ID-JB,Jawa Barat,16,3,1,12,87,21,21,45,Province,,Jawa Barat,Indonesia,Asia,Jawa,UTC+07:00,,18,9,627,645,5312,35378,45161325,1276.55,107.6037083,-6.920432083,0.35,1.93,0.07,0.46,0.05,24.14%,24.14%,3.20,3.00
27,ID-JT,Jawa Tengah,8,1,1,6,60,14,18,28,Province,,Jawa Tengah,Indonesia,Asia,Jawa,UTC+07:00,,29,6,576,753,7809,32801,36364072,1108.64,110.2011149,-7.259097177,0.22,1.65,0.03,0.38,0.04,23.33%,30.00%,2.00,
27,ID-JI,Jawa Timur,3,1,0,2,83,38,216,-171,Province,,Jawa Timur,Indonesia,Asia,Jawa,UTC+07:00,,29,9,666,777,7724,47803,40479023,846.78,112.7329414,-7.723345579,0.07,2.05,0.02,0.94,0.09,45.78%,260.24%,0.23,1.00
27,ID-KT,Kalimantan Tengah,0,0,0,0,2,1,39,-38,Province,,Kalimantan Tengah,Indonesia,Asia,Kalimantan,UTC+07:00,,13,1,136,139,1432,153565,2570289,16.74,113.4176536,-1.602484653,0.00,0.78,0.00,0.39,0.04,50.00%,1950.00%,0.00,1.00
27,ID-KI,Kalimantan Timur,0,0,0,0,8,0,2,6,Province,,Kalimantan Timur,Indonesia,Asia,Kalimantan,UTC+08:00,,7,3,103,197,841,129067,3552191,27.52,116.4684405,0.45385803,0.00,2.25,0.00,0.00,0.00,0.00%,25.00%,1.00,1.00
27,ID-KR,Kepulauan Riau,0,0,0,0,1,1,0,0,Province,,Kepulauan Riau,Indonesia,Asia,Sumatera,UTC+07:00,,5,2,75,142,275,8202,1929400,235.24,108.261746,3.916346,0.00,0.52,0.00,0.52,0.05,100.00%,0.00%,1.00,1.00
27,ID-LA,Lampung,1,0,0,1,3,1,0,2,Province,,Lampung,Indonesia,Asia,Sumatera,UTC+07:00,,13,2,228,205,2435,34624,9095591,262.70,105.0214366,-4.916792975,0.11,0.33,0.00,0.11,0.01,33.33%,0.00%,0.50,1.00
27,ID-MA,Maluku,0,0,0,0,1,0,0,1,Province,,Maluku,Indonesia,Asia,Maluku,UTC+09:00,,9,2,118,35,1198,46914,1847097,39.37,129.576792,-3.192572,0.00,0.54,0.00,0.00,0.00,0.00%,0.00%,1.00,1.00
27,ID-MU,Maluku Utara,0,0,0,0,1,0,2,-1,Province,,Maluku Utara,Indonesia,Asia,Maluku,UTC+09:00,,8,2,116,118,1063,31983,1307803,40.89,127.5391072,0.212036949,0.00,0.76,0.00,0.00,0.00,0.00%,200.00%,1.00,1.00
27,ID-PA,Papua,0,0,0,0,6,1,1,4,Province,,Papua,Indonesia,Asia,Papua,UTC+09:00,Daerah Khusus,28,1,560,110,5411,319036,4340348,13.60,138.69603,-4.66620953,0.00,1.38,0.00,0.23,0.02,16.67%,16.67%,0.00,1.00
27,ID-PB,Papua Barat,2,0,0,2,2,1,0,1,Province,,Papua Barat,Indonesia,Asia,Papua,UTC+09:00,Daerah Khusus,12,1,218,95,1742,102955,1140701,11.08,132.9762624,-2.045160182,1.75,1.75,0.00,0.88,0.09,50.00%,0.00%,,
27,ID-RI,Riau,0,0,0,0,2,0,3,-1,Province,,Riau,Indonesia,Asia,Sumatera,UTC+07:00,,10,2,169,268,1591,87024,6074100,69.80,101.8051092,0.511647851,0.00,0.33,0.00,0.00,0.00,0.00%,150.00%,1.00,1.00
27,ID-SN,Sulawesi Selatan,2,0,0,2,29,1,1,27,Province,,Sulawesi Selatan,Indonesia,Asia,Sulawesi,UTC+08:00,,21,3,311,792,2255,46717,9426885,201.78,120.1620559,-3.731080714,0.21,3.08,0.00,0.11,0.01,3.45%,3.45%,0.14,1.00
27,ID-ST,Sulawesi Tengah,0,0,0,0,1,0,0,1,Province,,Sulawesi Tengah,Indonesia,Asia,Sulawesi,UTC+08:00,,12,1,175,175,1842,61841,2955567,47.79,121.2010927,-1.00413668,0.00,0.34,0.00,0.00,0.00,0.00%,0.00%,0.00,1.00
27,ID-SG,Sulawesi Tenggara,0,0,0,0,3,0,0,3,Province,,Sulawesi Tenggara,Indonesia,Asia,Sulawesi,UTC+08:00,,15,2,219,377,1911,38068,2635461,69.23,122.070311,-4.124688793,0.00,1.14,0.00,0.00,0.00,0.00%,0.00%,1.00,1.00
27,ID-SA,Sulawesi Utara,0,0,0,0,1,0,1,0,Province,,Sulawesi Utara,Indonesia,Asia,Sulawesi,UTC+08:00,,11,4,171,332,1507,13892,2641884,190.17,124.5212396,1.259638212,0.00,0.38,0.00,0.00,0.00,0.00%,100.00%,0.00,1.00
27,ID-SB,Sumatera Barat,2,0,0,2,5,0,1,4,Province,,Sumatera Barat,Indonesia,Asia,Sumatera,UTC+07:00,,12,7,179,230,928,42013,5519245,131.37,100.4650624,-0.850253225,0.36,0.91,0.00,0.00,0.00,0.00%,20.00%,0.67,1.00
27,ID-SS,Sumatera Selatan,0,0,0,0,1,2,1,-2,Province,,Sumatera Selatan,Indonesia,Asia,Sumatera,UTC+07:00,,13,4,241,387,2853,91592,8217551,89.72,104.1694647,-3.216211808,0.00,0.12,0.00,0.24,0.02,200.00%,100.00%,1.00,1.00
27,ID-SU,Sumatera Utara,0,1,0,-1,1,2,0,-1,Province,,Sumatera Utara,Indonesia,Asia,Sumatera,UTC+07:00,,25,8,450,693,5417,72981,14874889,203.82,99.05196442,2.191894453,0.00,0.07,0.07,0.13,0.01,200.00%,0.00%,1.00,
28,ID-AC,Aceh,1,0,0,1,5,0,0,5,Province,,Aceh,Indonesia,Asia,Sumatera,UTC+07:00,Daerah Khusus,18,5,289,,6497,57956,5247257,90.54,96.91052174,4.225614628,0.19,0.95,0.00,0.00,0.00,0.00%,0.00%,0.33,1.00
28,ID-BA,Bali,0,0,0,0,2,2,3,-3,Province,,Bali,Indonesia,Asia,Nusa Tenggara,UTC+08:00,,8,1,57,80,636,5780,4216171,729.43,115.1317136,-8.369471688,0.00,0.47,0.00,0.47,0.05,100.00%,150.00%,1.00,1.00
28,ID-BT,Banten,10,2,7,1,41,23,141,-123,Province,,Banten,Indonesia,Asia,Jawa,UTC+07:00,,4,4,155,313,1238,9663,10722374,1109.64,106.1090043,-6.456736388,0.93,3.82,0.19,2.15,0.21,56.10%,343.90%,0.40,1.00
28,ID-JK,DKI Jakarta,48,9,9,30,279,79,78,122,Province,,DKI Jakarta,Indonesia,Asia,Jawa,UTC+07:00,Daerah Khusus Ibu Kota,1,5,44,267,,664,10846145,16334.31,106.8361183,-6.204698991,4.43,25.72,0.83,7.28,0.73,28.32%,27.96%,0.65,1.29
28,ID-YO,Daerah Istimewa Yogyakarta,0,0,0,0,4,2,2,0,Province,,Daerah Istimewa Yogyakarta,Indonesia,Asia,Jawa,UTC+07:00,Daerah Istimewa,4,1,78,46,392,3133,3631015,1158.90,110.4448783,-7.89450185,0.00,1.10,0.00,0.55,0.06,50.00%,50.00%,0.00,1.00
28,IDN,Indonesia,109,15,13,81,1155,102,59,994,Country,,,Indonesia,Asia,,,,416,98,7230,8488,74953,1916907,265185520,138.34,113.921327,-0.789275,0.41,4.36,0.06,0.38,0.04,8.83%,5.11%,0.71,1.67
28,ID-JA,Jambi,0,0,0,0,1,0,0,1,Province,,Jambi,Indonesia,Asia,Sumatera,UTC+07:00,,9,2,141,163,1399,50058,3493357,69.79,102.7236404,-1.69769766,0.00,0.29,0.00,0.00,0.00,0.00%,0.00%,1.00,1.00
28,ID-JB,Jawa Barat,19,3,1,15,106,24,22,60,Province,,Jawa Barat,Indonesia,Asia,Jawa,UTC+07:00,,18,9,627,645,5312,35378,45161325,1276.55,107.6037083,-6.920432083,0.42,2.35,0.07,0.53,0.05,22.64%,20.75%,1.19,1.00
28,ID-JT,Jawa Tengah,15,2,2,11,75,16,20,39,Province,,Jawa Tengah,Indonesia,Asia,Jawa,UTC+07:00,,29,6,576,753,7809,32801,36364072,1108.64,110.2011149,-7.259097177,0.41,2.06,0.05,0.44,0.04,21.33%,26.67%,1.88,2.00
28,ID-JI,Jawa Timur,14,2,2,10,97,40,218,-161,Province,,Jawa Timur,Indonesia,Asia,Jawa,UTC+07:00,,29,9,666,777,7724,47803,40479023,846.78,112.7329414,-7.723345579,0.35,2.40,0.05,0.99,0.10,41.24%,224.74%,4.67,2.00
28,ID-KT,Kalimantan Tengah,1,0,0,1,3,1,39,-37,Province,,Kalimantan Tengah,Indonesia,Asia,Kalimantan,UTC+07:00,,13,1,136,139,1432,153565,2570289,16.74,113.4176536,-1.602484653,0.39,1.17,0.00,0.39,0.04,33.33%,1300.00%,,1.00
28,ID-KI,Kalimantan Timur,5,0,0,5,13,0,2,11,Province,,Kalimantan Timur,Indonesia,Asia,Kalimantan,UTC+08:00,,7,3,103,197,841,129067,3552191,27.52,116.4684405,0.45385803,1.41,3.66,0.00,0.00,0.00,0.00%,15.38%,,1.00
28,ID-KU,Kalimantan Utara,2,0,0,2,2,0,0,2,Province,,Kalimantan Utara,Indonesia,Asia,Kalimantan,UTC+08:00,,4,1,53,35,447,75468,648407,8.59,116.2188791,2.891012621,3.08,3.08,0.00,0.00,0.00,0.00%,0.00%,,
28,ID-KR,Kepulauan Riau,1,0,2,-1,2,1,2,-1,Province,,Kepulauan Riau,Indonesia,Asia,Sumatera,UTC+07:00,,5,2,75,142,275,8202,1929400,235.24,108.261746,3.916346,0.52,1.04,0.00,0.52,0.05,50.00%,100.00%,,1.00
28,ID-LA,Lampung,0,0,0,0,3,1,0,2,Province,,Lampung,Indonesia,Asia,Sumatera,UTC+07:00,,13,2,228,205,2435,34624,9095591,262.70,105.0214366,-4.916792975,0.00,0.33,0.00,0.11,0.01,33.33%,0.00%,0.00,1.00
28,ID-MA,Maluku,0,0,0,0,1,0,0,1,Province,,Maluku,Indonesia,Asia,Maluku,UTC+09:00,,9,2,118,35,1198,46914,1847097,39.37,129.576792,-3.192572,0.00,0.54,0.00,0.00,0.00,0.00%,0.00%,1.00,1.00
28,ID-MU,Maluku Utara,0,0,0,0,1,0,2,-1,Province,,Maluku Utara,Indonesia,Asia,Maluku,UTC+09:00,,8,2,116,118,1063,31983,1307803,40.89,127.5391072,0.212036949,0.00,0.76,0.00,0.00,0.00,0.00%,200.00%,1.00,1.00
28,ID-PA,Papua,0,0,0,0,6,1,1,4,Province,,Papua,Indonesia,Asia,Papua,UTC+09:00,Daerah Khusus,28,1,560,110,5411,319036,4340348,13.60,138.69603,-4.66620953,0.00,1.38,0.00,0.23,0.02,16.67%,16.67%,1.00,1.00
28,ID-PB,Papua Barat,0,0,0,0,2,1,0,1,Province,,Papua Barat,Indonesia,Asia,Papua,UTC+09:00,Daerah Khusus,12,1,218,95,1742,102955,1140701,11.08,132.9762624,-2.045160182,0.00,1.75,0.00,0.88,0.09,50.00%,0.00%,0.00,1.00
28,ID-RI,Riau,0,0,0,0,2,0,3,-1,Province,,Riau,Indonesia,Asia,Sumatera,UTC+07:00,,10,2,169,268,1591,87024,6074100,69.80,101.8051092,0.511647851,0.00,0.33,0.00,0.00,0.00,0.00%,150.00%,1.00,1.00
28,ID-SR,Sulawesi Barat,1,0,0,1,1,0,0,1,Province,,Sulawesi Barat,Indonesia,Asia,Sulawesi,UTC+08:00,,6,,69,73,575,16787,1559984,92.93,119.3450194,-2.461746053,0.64,0.64,0.00,0.00,0.00,0.00%,0.00%,,
28,ID-SN,Sulawesi Selatan,3,0,0,3,32,1,1,30,Province,,Sulawesi Selatan,Indonesia,Asia,Sulawesi,UTC+08:00,,21,3,311,792,2255,46717,9426885,201.78,120.1620559,-3.731080714,0.32,3.39,0.00,0.11,0.01,3.13%,3.13%,1.50,1.00
28,ID-ST,Sulawesi Tengah,1,0,0,1,2,0,0,2,Province,,Sulawesi Tengah,Indonesia,Asia,Sulawesi,UTC+08:00,,12,1,175,175,1842,61841,2955567,47.79,121.2010927,-1.00413668,0.34,0.68,0.00,0.00,0.00,0.00%,0.00%,,1.00
28,ID-SG,Sulawesi Tenggara,0,0,0,0,3,0,0,3,Province,,Sulawesi Tenggara,Indonesia,Asia,Sulawesi,UTC+08:00,,15,2,219,377,1911,38068,2635461,69.23,122.070311,-4.124688793,0.00,1.14,0.00,0.00,0.00,0.00%,0.00%,1.00,1.00
28,ID-SA,Sulawesi Utara,0,0,0,0,1,0,1,0,Province,,Sulawesi Utara,Indonesia,Asia,Sulawesi,UTC+08:00,,11,4,171,332,1507,13892,2641884,190.17,124.5212396,1.259638212,0.00,0.38,0.00,0.00,0.00,0.00%,100.00%,1.00,1.00
28,ID-SB,Sumatera Barat,0,0,0,0,5,0,1,4,Province,,Sumatera Barat,Indonesia,Asia,Sumatera,UTC+07:00,,12,7,179,230,928,42013,5519245,131.37,100.4650624,-0.850253225,0.00,0.91,0.00,0.00,0.00,0.00%,20.00%,0.00,1.00
28,ID-SS,Sumatera Selatan,1,0,0,1,2,2,1,-1,Province,,Sumatera Selatan,Indonesia,Asia,Sumatera,UTC+07:00,,13,4,241,387,2853,91592,8217551,89.72,104.1694647,-3.216211808,0.12,0.24,0.00,0.24,0.02,100.00%,50.00%,,1.00
28,ID-SU,Sumatera Utara,0,0,0,0,1,2,0,-1,Province,,Sumatera Utara,Indonesia,Asia,Sumatera,UTC+07:00,,25,8,450,693,5417,72981,14874889,203.82,99.05196442,2.191894453,0.00,0.07,0.00,0.13,0.01,200.00%,0.00%,1.00,0.00
29,ID-AC,Aceh,0,0,0,0,5,0,0,5,Province,,Aceh,Indonesia,Asia,Sumatera,UTC+07:00,Daerah Khusus,18,5,289,,6497,57956,5247257,90.54,96.91052174,4.225614628,0.00,0.95,0.00,0.00,0.00,0.00%,0.00%,0.00,1.00
29,ID-BA,Bali,1,0,0,1,3,2,3,-2,Province,,Bali,Indonesia,Asia,Nusa Tenggara,UTC+08:00,,8,1,57,80,636,5780,4216171,729.43,115.1317136,-8.369471688,0.24,0.71,0.00,0.47,0.05,66.67%,100.00%,,1.00
29,ID-BT,Banten,2,2,2,-2,43,25,143,-125,Province,,Banten,Indonesia,Asia,Jawa,UTC+07:00,,4,4,155,313,1238,9663,10722374,1109.64,106.1090043,-6.456736388,0.19,4.01,0.19,2.33,0.23,58.14%,332.56%,0.20,1.00
29,ID-JK,DKI Jakarta,52,10,0,42,331,89,78,164,Province,,DKI Jakarta,Indonesia,Asia,Jawa,UTC+07:00,Daerah Khusus Ibu Kota,1,5,44,267,,664,10846145,16334.31,106.8361183,-6.204698991,4.79,30.52,0.92,8.21,0.82,26.89%,23.56%,1.08,1.11
29,ID-YO,Daerah Istimewa Yogyakarta,0,0,0,0,4,2,2,0,Province,,Daerah Istimewa Yogyakarta,Indonesia,Asia,Jawa,UTC+07:00,Daerah Istimewa,4,1,78,46,392,3133,3631015,1158.90,110.4448783,-7.89450185,0.00,1.10,0.00,0.55,0.06,50.00%,50.00%,1.00,1.00
29,IDN,Indonesia,130,12,5,113,1285,114,64,1107,Country,,,Indonesia,Asia,,,,416,98,7230,8488,74953,1916907,265185520,138.34,113.921327,-0.789275,0.49,4.85,0.05,0.43,0.04,8.87%,4.98%,1.19,0.80
29,ID-JA,Jambi,0,0,0,0,1,0,0,1,Province,,Jambi,Indonesia,Asia,Sumatera,UTC+07:00,,9,2,141,163,1399,50058,3493357,69.79,102.7236404,-1.69769766,0.00,0.29,0.00,0.00,0.00,0.00%,0.00%,1.00,1.00
29,ID-JB,Jawa Barat,27,3,3,21,133,27,25,81,Province,,Jawa Barat,Indonesia,Asia,Jawa,UTC+07:00,,18,9,627,645,5312,35378,45161325,1276.55,107.6037083,-6.920432083,0.60,2.94,0.07,0.60,0.06,20.30%,18.80%,1.42,1.00
29,ID-JT,Jawa Tengah,11,3,0,8,86,19,20,47,Province,,Jawa Tengah,Indonesia,Asia,Jawa,UTC+07:00,,29,6,576,753,7809,32801,36364072,1108.64,110.2011149,-7.259097177,0.30,2.36,0.08,0.52,0.05,22.09%,23.26%,0.73,1.50
29,ID-JI,Jawa Timur,12,1,28,-17,109,41,246,-178,Province,,Jawa Timur,Indonesia,Asia,Jawa,UTC+07:00,,29,9,666,777,7724,47803,40479023,846.78,112.7329414,-7.723345579,0.30,2.69,0.02,1.01,0.10,37.61%,225.69%,0.86,0.50
29,ID-KB,Kalimantan Barat,7,0,2,5,7,2,5,0,Province,,Kalimantan Barat,Indonesia,Asia,Kalimantan,UTC+07:00,,12,2,174,99,2031,147307,5422814,36.81,111.1211776,-0.086474572,1.29,1.29,0.00,0.37,0.04,28.57%,71.43%,,
29,ID-KT,Kalimantan Tengah,0,0,0,0,3,1,39,-37,Province,,Kalimantan Tengah,Indonesia,Asia,Kalimantan,UTC+07:00,,13,1,136,139,1432,153565,2570289,16.74,113.4176536,-1.602484653,0.00,1.17,0.00,0.39,0.04,33.33%,1300.00%,0.00,1.00
29,ID-KI,Kalimantan Timur,0,0,0,0,13,0,2,11,Province,,Kalimantan Timur,Indonesia,Asia,Kalimantan,UTC+08:00,,7,3,103,197,841,129067,3552191,27.52,116.4684405,0.45385803,0.00,3.66,0.00,0.00,0.00,0.00%,15.38%,0.00,1.00
29,ID-KU,Kalimantan Utara,0,0,0,0,2,0,0,2,Province,,Kalimantan Utara,Indonesia,Asia,Kalimantan,UTC+08:00,,4,1,53,35,447,75468,648407,8.59,116.2188791,2.891012621,0.00,3.08,0.00,0.00,0.00,0.00%,0.00%,0.00,1.00
29,ID-KR,Kepulauan Riau,0,0,0,0,2,1,2,-1,Province,,Kepulauan Riau,Indonesia,Asia,Sumatera,UTC+07:00,,5,2,75,142,275,8202,1929400,235.24,108.261746,3.916346,0.00,1.04,0.00,0.52,0.05,50.00%,100.00%,0.00,1.00
29,ID-LA,Lampung,0,0,0,0,3,1,0,2,Province,,Lampung,Indonesia,Asia,Sumatera,UTC+07:00,,13,2,228,205,2435,34624,9095591,262.70,105.0214366,-4.916792975,0.00,0.33,0.00,0.11,0.01,33.33%,0.00%,1.00,1.00
29,ID-MA,Maluku,0,0,0,0,1,0,0,1,Province,,Maluku,Indonesia,Asia,Maluku,UTC+09:00,,9,2,118,35,1198,46914,1847097,39.37,129.576792,-3.192572,0.00,0.54,0.00,0.00,0.00,0.00%,0.00%,1.00,1.00
29,ID-MU,Maluku Utara,0,0,0,0,1,0,2,-1,Province,,Maluku Utara,Indonesia,Asia,Maluku,UTC+09:00,,8,2,116,118,1063,31983,1307803,40.89,127.5391072,0.212036949,0.00,0.76,0.00,0.00,0.00,0.00%,200.00%,1.00,1.00
29,ID-PA,Papua,2,0,0,2,8,1,1,6,Province,,Papua,Indonesia,Asia,Papua,UTC+09:00,Daerah Khusus,28,1,560,110,5411,319036,4340348,13.60,138.69603,-4.66620953,0.46,1.84,0.00,0.23,0.02,12.50%,12.50%,,1.00
29,ID-PB,Papua Barat,0,0,0,0,2,1,0,1,Province,,Papua Barat,Indonesia,Asia,Papua,UTC+09:00,Daerah Khusus,12,1,218,95,1742,102955,1140701,11.08,132.9762624,-2.045160182,0.00,1.75,0.00,0.88,0.09,50.00%,0.00%,1.00,1.00
29,ID-RI,Riau,1,0,0,1,3,0,3,0,Province,,Riau,Indonesia,Asia,Sumatera,UTC+07:00,,10,2,169,268,1591,87024,6074100,69.80,101.8051092,0.511647851,0.16,0.49,0.00,0.00,0.00,0.00%,100.00%,,1.00
29,ID-SR,Sulawesi Barat,0,0,0,0,1,0,0,1,Province,,Sulawesi Barat,Indonesia,Asia,Sulawesi,UTC+08:00,,6,,69,73,575,16787,1559984,92.93,119.3450194,-2.461746053,0.00,0.64,0.00,0.00,0.00,0.00%,0.00%,0.00,1.00
29,ID-SN,Sulawesi Selatan,15,0,0,15,47,1,1,45,Province,,Sulawesi Selatan,Indonesia,Asia,Sulawesi,UTC+08:00,,21,3,311,792,2255,46717,9426885,201.78,120.1620559,-3.731080714,1.59,4.99,0.00,0.11,0.01,2.13%,2.13%,5.00,1.00
29,ID-ST,Sulawesi Tengah,0,0,0,0,2,0,0,2,Province,,Sulawesi Tengah,Indonesia,Asia,Sulawesi,UTC+08:00,,12,1,175,175,1842,61841,2955567,47.79,121.2010927,-1.00413668,0.00,0.68,0.00,0.00,0.00,0.00%,0.00%,0.00,1.00
29,ID-SG,Sulawesi Tenggara,0,0,0,0,3,0,0,3,Province,,Sulawesi Tenggara,Indonesia,Asia,Sulawesi,UTC+08:00,,15,2,219,377,1911,38068,2635461,69.23,122.070311,-4.124688793,0.00,1.14,0.00,0.00,0.00,0.00%,0.00%,1.00,1.00
29,ID-SA,Sulawesi Utara,0,0,0,0,1,0,1,0,Province,,Sulawesi Utara,Indonesia,Asia,Sulawesi,UTC+08:00,,11,4,171,332,1507,13892,2641884,190.17,124.5212396,1.259638212,0.00,0.38,0.00,0.00,0.00,0.00%,100.00%,1.00,1.00
29,ID-SB,Sumatera Barat,0,0,0,0,5,0,1,4,Province,,Sumatera Barat,Indonesia,Asia,Sumatera,UTC+07:00,,12,7,179,230,928,42013,5519245,131.37,100.4650624,-0.850253225,0.00,0.91,0.00,0.00,0.00,0.00%,20.00%,1.00,1.00
29,ID-SS,Sumatera Selatan,0,0,0,0,2,2,1,-1,Province,,Sumatera Selatan,Indonesia,Asia,Sumatera,UTC+07:00,,13,4,241,387,2853,91592,8217551,89.72,104.1694647,-3.216211808,0.00,0.24,0.00,0.24,0.02,100.00%,50.00%,0.00,1.00
29,ID-SU,Sumatera Utara,0,0,0,0,1,2,0,-1,Province,,Sumatera Utara,Indonesia,Asia,Sumatera,UTC+07:00,,25,8,450,693,5417,72981,14874889,203.82,99.05196442,2.191894453,0.00,0.07,0.00,0.13,0.01,200.00%,0.00%,1.00,1.00
30,ID-AC,Aceh,0,0,0,0,5,0,0,5,Province,,Aceh,Indonesia,Asia,Sumatera,UTC+07:00,Daerah Khusus,18,5,289,,6497,57956,5247257,90.54,96.91052174,4.225614628,0.00,0.95,0.00,0.00,0.00,0.00%,0.00%,1.00,1.00
30,ID-BA,Bali,9,0,0,9,12,2,3,7,Province,,Bali,Indonesia,Asia,Nusa Tenggara,UTC+08:00,,8,1,57,80,636,5780,4216171,729.43,115.1317136,-8.369471688,2.13,2.85,0.00,0.47,0.05,16.67%,25.00%,9.00,1.00
30,ID-BT,Banten,22,0,3,19,65,25,146,-106,Province,,Banten,Indonesia,Asia,Jawa,UTC+07:00,,4,4,155,313,1238,9663,10722374,1109.64,106.1090043,-6.456736388,2.05,6.06,0.00,2.33,0.23,38.46%,224.62%,11.00,0.00
30,ID-JK,DKI Jakarta,33,7,0,26,364,96,78,190,Province,,DKI Jakarta,Indonesia,Asia,Jawa,UTC+07:00,Daerah Khusus Ibu Kota,1,5,44,267,,664,10846145,16334.31,106.8361183,-6.204698991,3.04,33.56,0.65,8.85,0.89,26.37%,21.43%,0.63,0.70
30,ID-YO,Daerah Istimewa Yogyakarta,2,0,1,1,6,2,3,1,Province,,Daerah Istimewa Yogyakarta,Indonesia,Asia,Jawa,UTC+07:00,Daerah Istimewa,4,1,78,46,392,3133,3631015,1158.90,110.4448783,-7.89450185,0.55,1.65,0.00,0.55,0.06,33.33%,50.00%,,1.00
30,IDN,Indonesia,129,8,11,110,1414,122,75,1217,Country,,,Indonesia,Asia,,,,416,98,7230,8488,74953,1916907,265185520,138.34,113.921327,-0.789275,0.49,5.33,0.03,0.46,0.05,8.63%,5.30%,0.99,0.67
30,ID-JA,Jambi,1,0,0,1,2,0,0,2,Province,,Jambi,Indonesia,Asia,Sumatera,UTC+07:00,,9,2,141,163,1399,50058,3493357,69.79,102.7236404,-1.69769766,0.29,0.57,0.00,0.00,0.00,0.00%,0.00%,,1.00
30,ID-JB,Jawa Barat,19,3,5,11,152,30,30,92,Province,,Jawa Barat,Indonesia,Asia,Jawa,UTC+07:00,,18,9,627,645,5312,35378,45161325,1276.55,107.6037083,-6.920432083,0.42,3.37,0.07,0.66,0.07,19.74%,19.74%,0.70,1.00
30,ID-JT,Jawa Tengah,17,1,1,15,103,20,21,62,Province,,Jawa Tengah,Indonesia,Asia,Jawa,UTC+07:00,,29,6,576,753,7809,32801,36364072,1108.64,110.2011149,-7.259097177,0.47,2.83,0.03,0.55,0.05,19.42%,20.39%,1.55,0.33
30,ID-JI,Jawa Timur,7,2,0,5,116,43,246,-173,Province,,Jawa Timur,Indonesia,Asia,Jawa,UTC+07:00,,29,9,666,777,7724,47803,40479023,846.78,112.7329414,-7.723345579,0.17,2.87,0.05,1.06,0.11,37.07%,212.07%,0.58,2.00
30,ID-KB,Kalimantan Barat,1,0,0,1,8,2,5,1,Province,,Kalimantan Barat,Indonesia,Asia,Kalimantan,UTC+07:00,,12,2,174,99,2031,147307,5422814,36.81,111.1211776,-0.086474572,0.18,1.48,0.00,0.37,0.04,25.00%,62.50%,0.14,1.00
30,ID-KS,Kalimantan Selatan,5,0,0,5,5,0,0,5,Province,,Kalimantan Selatan,Indonesia,Asia,Kalimantan,UTC+08:00,,11,2,153,144,1864,38744,4023049,103.84,115.4385783,-2.993594979,1.24,1.24,0.00,0.00,0.00,0.00%,0.00%,,
30,ID-KT,Kalimantan Tengah,0,0,0,0,3,1,39,-37,Province,,Kalimantan Tengah,Indonesia,Asia,Kalimantan,UTC+07:00,,13,1,136,139,1432,153565,2570289,16.74,113.4176536,-1.602484653,0.00,1.17,0.00,0.39,0.04,33.33%,1300.00%,1.00,1.00
30,ID-KI,Kalimantan Timur,0,0,0,0,13,0,2,11,Province,,Kalimantan Timur,Indonesia,Asia,Kalimantan,UTC+08:00,,7,3,103,197,841,129067,3552191,27.52,116.4684405,0.45385803,0.00,3.66,0.00,0.00,0.00,0.00%,15.38%,1.00,1.00
30,ID-KU,Kalimantan Utara,0,0,0,0,2,0,0,2,Province,,Kalimantan Utara,Indonesia,Asia,Kalimantan,UTC+08:00,,4,1,53,35,447,75468,648407,8.59,116.2188791,2.891012621,0.00,3.08,0.00,0.00,0.00,0.00%,0.00%,1.00,1.00
30,ID-BB,Kepulauan Bangka Belitung,1,0,0,1,1,0,0,1,Province,,Kepulauan Bangka Belitung,Indonesia,Asia,Sumatera,UTC+07:00,,6,1,47,82,309,16424,1379767,84.01,106.5499324,-2.447444127,0.72,0.72,0.00,0.00,0.00,0.00%,0.00%,,
30,ID-KR,Kepulauan Riau,2,2,0,0,4,3,2,-1,Province,,Kepulauan Riau,Indonesia,Asia,Sumatera,UTC+07:00,,5,2,75,142,275,8202,1929400,235.24,108.261746,3.916346,1.04,2.07,1.04,1.55,0.16,75.00%,50.00%,,
30,ID-LA,Lampung,4,1,0,3,7,2,0,5,Province,,Lampung,Indonesia,Asia,Sumatera,UTC+07:00,,13,2,228,205,2435,34624,9095591,262.70,105.0214366,-4.916792975,0.44,0.77,0.11,0.22,0.02,28.57%,0.00%,,
30,ID-MA,Maluku,0,0,0,0,1,0,0,1,Province,,Maluku,Indonesia,Asia,Maluku,UTC+09:00,,9,2,118,35,1198,46914,1847097,39.37,129.576792,-3.192572,0.00,0.54,0.00,0.00,0.00,0.00%,0.00%,1.00,1.00
30,ID-MU,Maluku Utara,0,0,0,0,1,0,2,-1,Province,,Maluku Utara,Indonesia,Asia,Maluku,UTC+09:00,,8,2,116,118,1063,31983,1307803,40.89,127.5391072,0.212036949,0.00,0.76,0.00,0.00,0.00,0.00%,200.00%,1.00,1.00
30,ID-PA,Papua,0,0,0,0,8,1,1,6,Province,,Papua,Indonesia,Asia,Papua,UTC+09:00,Daerah Khusus,28,1,560,110,5411,319036,4340348,13.60,138.69603,-4.66620953,0.00,1.84,0.00,0.23,0.02,12.50%,12.50%,0.00,1.00
30,ID-PB,Papua Barat,0,0,0,0,2,1,0,1,Province,,Papua Barat,Indonesia,Asia,Papua,UTC+09:00,Daerah Khusus,12,1,218,95,1742,102955,1140701,11.08,132.9762624,-2.045160182,0.00,1.75,0.00,0.88,0.09,50.00%,0.00%,1.00,1.00
30,ID-RI,Riau,1,0,0,1,4,0,3,1,Province,,Riau,Indonesia,Asia,Sumatera,UTC+07:00,,10,2,169,268,1591,87024,6074100,69.80,101.8051092,0.511647851,0.16,0.66,0.00,0.00,0.00,0.00%,75.00%,1.00,1.00
30,ID-SR,Sulawesi Barat,0,0,0,0,1,0,0,1,Province,,Sulawesi Barat,Indonesia,Asia,Sulawesi,UTC+08:00,,6,,69,73,575,16787,1559984,92.93,119.3450194,-2.461746053,0.00,0.64,0.00,0.00,0.00,0.00%,0.00%,1.00,1.00
30,ID-SN,Sulawesi Selatan,4,2,0,2,51,3,1,47,Province,,Sulawesi Selatan,Indonesia,Asia,Sulawesi,UTC+08:00,,21,3,311,792,2255,46717,9426885,201.78,120.1620559,-3.731080714,0.42,5.41,0.21,0.32,0.03,5.88%,1.96%,0.27,
30,ID-ST,Sulawesi Tengah,0,0,0,0,2,0,0,2,Province,,Sulawesi Tengah,Indonesia,Asia,Sulawesi,UTC+08:00,,12,1,175,175,1842,61841,2955567,47.79,121.2010927,-1.00413668,0.00,0.68,0.00,0.00,0.00,0.00%,0.00%,1.00,1.00
30,ID-SG,Sulawesi Tenggara,0,0,0,0,3,0,0,3,Province,,Sulawesi Tenggara,Indonesia,Asia,Sulawesi,UTC+08:00,,15,2,219,377,1911,38068,2635461,69.23,122.070311,-4.124688793,0.00,1.14,0.00,0.00,0.00,0.00%,0.00%,1.00,1.00
30,ID-SA,Sulawesi Utara,0,0,0,0,1,0,1,0,Province,,Sulawesi Utara,Indonesia,Asia,Sulawesi,UTC+08:00,,11,4,171,332,1507,13892,2641884,190.17,124.5212396,1.259638212,0.00,0.38,0.00,0.00,0.00,0.00%,100.00%,1.00,1.00
30,ID-SB,Sumatera Barat,3,0,0,3,8,0,1,7,Province,,Sumatera Barat,Indonesia,Asia,Sumatera,UTC+07:00,,12,7,179,230,928,42013,5519245,131.37,100.4650624,-0.850253225,0.54,1.45,0.00,0.00,0.00,0.00%,12.50%,,1.00
30,ID-SS,Sumatera Selatan,0,0,0,0,2,2,1,-1,Province,,Sumatera Selatan,Indonesia,Asia,Sumatera,UTC+07:00,,13,4,241,387,2853,91592,8217551,89.72,104.1694647,-3.216211808,0.00,0.24,0.00,0.24,0.02,100.00%,50.00%,1.00,1.00
30,ID-SU,Sumatera Utara,6,0,0,6,7,2,0,5,Province,,Sumatera Utara,Indonesia,Asia,Sumatera,UTC+07:00,,25,8,450,693,5417,72981,14874889,203.82,99.05196442,2.191894453,0.40,0.47,0.00,0.13,0.01,28.57%,0.00%,,1.00
31,ID-AC,Aceh,0,0,0,0,5,0,0,5,Province,,Aceh,Indonesia,Asia,Sumatera,UTC+07:00,Daerah Khusus,18,5,289,,6497,57956,5247257,90.54,96.91052174,4.225614628,0.00,0.95,0.00,0.00,0.00,0.00%,0.00%,1.00,1.00
31,ID-BA,Bali,0,0,1,-1,12,2,4,6,Province,,Bali,Indonesia,Asia,Nusa Tenggara,UTC+08:00,,8,1,57,80,636,5780,4216171,729.43,115.1317136,-8.369471688,0.00,2.85,0.00,0.47,0.05,16.67%,33.33%,0.00,1.00
31,ID-BT,Banten,14,2,1,11,79,27,147,-95,Province,,Banten,Indonesia,Asia,Jawa,UTC+07:00,,4,4,155,313,1238,9663,10722374,1109.64,106.1090043,-6.456736388,1.31,7.37,0.19,2.52,0.25,34.18%,186.08%,0.64,
31,ID-BE,Bengkulu,1,1,0,0,1,1,1,-1,Province,,Bengkulu,Indonesia,Asia,Sumatera,UTC+07:00,,9,1,129,172,1341,19919,1999539,100.38,102.3384213,-3.533583627,0.50,0.50,0.50,0.50,0.05,100.00%,100.00%,,
31,ID-JK,DKI Jakarta,44,10,0,34,408,106,78,224,Province,,DKI Jakarta,Indonesia,Asia,Jawa,UTC+07:00,Daerah Khusus Ibu Kota,1,5,44,267,,664,10846145,16334.31,106.8361183,-6.204698991,4.06,37.62,0.92,9.77,0.98,25.98%,19.12%,1.33,1.43
31,ID-YO,Daerah Istimewa Yogyakarta,5,0,0,5,11,2,3,6,Province,,Daerah Istimewa Yogyakarta,Indonesia,Asia,Jawa,UTC+07:00,Daerah Istimewa,4,1,78,46,392,3133,3631015,1158.90,110.4448783,-7.89450185,1.38,3.03,0.00,0.55,0.06,18.18%,27.27%,2.50,1.00
31,IDN,Indonesia,114,14,6,94,1528,136,81,1311,Country,,,Indonesia,Asia,,,,416,98,7230,8488,74953,1916907,265185520,138.34,113.921327,-0.789275,0.43,5.76,0.05,0.51,0.05,8.90%,5.30%,0.88,1.75
31,ID-JA,Jambi,0,0,0,0,2,0,0,2,Province,,Jambi,Indonesia,Asia,Sumatera,UTC+07:00,,9,2,141,163,1399,50058,3493357,69.79,102.7236404,-1.69769766,0.00,0.57,0.00,0.00,0.00,0.00%,0.00%,0.00,1.00
31,ID-JB,Jawa Barat,7,0,3,4,159,30,33,96,Province,,Jawa Barat,Indonesia,Asia,Jawa,UTC+07:00,,18,9,627,645,5312,35378,45161325,1276.55,107.6037083,-6.920432083,0.15,3.52,0.00,0.66,0.07,18.87%,20.75%,0.37,0.00
31,ID-JT,Jawa Tengah,15,2,0,13,118,22,21,75,Province,,Jawa Tengah,Indonesia,Asia,Jawa,UTC+07:00,,29,6,576,753,7809,32801,36364072,1108.64,110.2011149,-7.259097177,0.41,3.24,0.05,0.60,0.06,18.64%,17.80%,0.88,2.00
31,ID-JI,Jawa Timur,1,0,0,1,117,43,246,-172,Province,,Jawa Timur,Indonesia,Asia,Jawa,UTC+07:00,,29,9,666,777,7724,47803,40479023,846.78,112.7329414,-7.723345579,0.02,2.89,0.00,1.06,0.11,36.75%,210.26%,0.14,0.00
31,ID-KB,Kalimantan Barat,0,0,0,0,8,2,5,1,Province,,Kalimantan Barat,Indonesia,Asia,Kalimantan,UTC+07:00,,12,2,174,99,2031,147307,5422814,36.81,111.1211776,-0.086474572,0.00,1.48,0.00,0.37,0.04,25.00%,62.50%,0.00,1.00
31,ID-KS,Kalimantan Selatan,2,0,0,2,7,0,0,7,Province,,Kalimantan Selatan,Indonesia,Asia,Kalimantan,UTC+08:00,,11,2,153,144,1864,38744,4023049,103.84,115.4385783,-2.993594979,0.50,1.74,0.00,0.00,0.00,0.00%,0.00%,0.40,1.00
31,ID-KT,Kalimantan Tengah,4,0,2,2,7,1,41,-35,Province,,Kalimantan Tengah,Indonesia,Asia,Kalimantan,UTC+07:00,,13,1,136,139,1432,153565,2570289,16.74,113.4176536,-1.602484653,1.56,2.72,0.00,0.39,0.04,14.29%,585.71%,,1.00
31,ID-KI,Kalimantan Timur,3,1,0,2,16,1,2,13,Province,,Kalimantan Timur,Indonesia,Asia,Kalimantan,UTC+08:00,,7,3,103,197,841,129067,3552191,27.52,116.4684405,0.45385803,0.84,4.50,0.28,0.28,0.03,6.25%,12.50%,,
31,ID-KU,Kalimantan Utara,0,0,0,0,2,0,0,2,Province,,Kalimantan Utara,Indonesia,Asia,Kalimantan,UTC+08:00,,4,1,53,35,447,75468,648407,8.59,116.2188791,2.891012621,0.00,3.08,0.00,0.00,0.00,0.00%,0.00%,1.00,1.00
31,ID-BB,Kepulauan Bangka Belitung,1,1,0,0,2,1,0,1,Province,,Kepulauan Bangka Belitung,Indonesia,Asia,Sumatera,UTC+07:00,,6,1,47,82,309,16424,1379767,84.01,106.5499324,-2.447444127,0.72,1.45,0.72,0.72,0.07,50.00%,0.00%,1.00,
31,ID-KR,Kepulauan Riau,1,0,0,1,5,3,2,0,Province,,Kepulauan Riau,Indonesia,Asia,Sumatera,UTC+07:00,,5,2,75,142,275,8202,1929400,235.24,108.261746,3.916346,0.52,2.59,0.00,1.55,0.16,60.00%,40.00%,0.50,0.00
31,ID-LA,Lampung,0,1,0,-1,7,3,0,4,Province,,Lampung,Indonesia,Asia,Sumatera,UTC+07:00,,13,2,228,205,2435,34624,9095591,262.70,105.0214366,-4.916792975,0.00,0.77,0.11,0.33,0.03,42.86%,0.00%,0.00,1.00
31,ID-MA,Maluku,0,0,0,0,1,0,0,1,Province,,Maluku,Indonesia,Asia,Maluku,UTC+09:00,,9,2,118,35,1198,46914,1847097,39.37,129.576792,-3.192572,0.00,0.54,0.00,0.00,0.00,0.00%,0.00%,1.00,1.00
31,ID-MU,Maluku Utara,0,0,0,0,1,0,2,-1,Province,,Maluku Utara,Indonesia,Asia,Maluku,UTC+09:00,,8,2,116,118,1063,31983,1307803,40.89,127.5391072,0.212036949,0.00,0.76,0.00,0.00,0.00,0.00%,200.00%,1.00,1.00
31,ID-NB,Nusa Tenggara Barat,2,0,0,2,2,0,0,2,Province,,Nusa Tenggara Barat,Indonesia,Asia,Nusa Tenggara,UTC+08:00,,8,2,117,145,995,18572,5270247,283.77,117.5086257,-8.606998866,0.38,0.38,0.00,0.00,0.00,0.00%,0.00%,,
31,ID-PA,Papua,1,0,1,0,9,1,2,6,Province,,Papua,Indonesia,Asia,Papua,UTC+09:00,Daerah Khusus,28,1,560,110,5411,319036,4340348,13.60,138.69603,-4.66620953,0.23,2.07,0.00,0.23,0.02,11.11%,22.22%,,1.00
31,ID-PB,Papua Barat,0,0,0,0,2,1,0,1,Province,,Papua Barat,Indonesia,Asia,Papua,UTC+09:00,Daerah Khusus,12,1,218,95,1742,102955,1140701,11.08,132.9762624,-2.045160182,0.00,1.75,0.00,0.88,0.09,50.00%,0.00%,1.00,1.00
31,ID-RI,Riau,0,0,0,0,4,0,3,1,Province,,Riau,Indonesia,Asia,Sumatera,UTC+07:00,,10,2,169,268,1591,87024,6074100,69.80,101.8051092,0.511647851,0.00,0.66,0.00,0.00,0.00,0.00%,75.00%,0.00,1.00
31,ID-SR,Sulawesi Barat,0,0,0,0,1,0,0,1,Province,,Sulawesi Barat,Indonesia,Asia,Sulawesi,UTC+08:00,,6,,69,73,575,16787,1559984,92.93,119.3450194,-2.461746053,0.00,0.64,0.00,0.00,0.00,0.00%,0.00%,1.00,1.00
31,ID-SN,Sulawesi Selatan,0,1,0,-1,51,4,1,46,Province,,Sulawesi Selatan,Indonesia,Asia,Sulawesi,UTC+08:00,,21,3,311,792,2255,46717,9426885,201.78,120.1620559,-3.731080714,0.00,5.41,0.11,0.42,0.04,7.84%,1.96%,0.00,0.50
31,ID-ST,Sulawesi Tengah,0,0,0,0,2,0,0,2,Province,,Sulawesi Tengah,Indonesia,Asia,Sulawesi,UTC+08:00,,12,1,175,175,1842,61841,2955567,47.79,121.2010927,-1.00413668,0.00,0.68,0.00,0.00,0.00,0.00%,0.00%,1.00,1.00
31,ID-SG,Sulawesi Tenggara,0,0,0,0,3,0,0,3,Province,,Sulawesi Tenggara,Indonesia,Asia,Sulawesi,UTC+08:00,,15,2,219,377,1911,38068,2635461,69.23,122.070311,-4.124688793,0.00,1.14,0.00,0.00,0.00,0.00%,0.00%,1.00,1.00
31,ID-SA,Sulawesi Utara,0,0,0,0,1,0,1,0,Province,,Sulawesi Utara,Indonesia,Asia,Sulawesi,UTC+08:00,,11,4,171,332,1507,13892,2641884,190.17,124.5212396,1.259638212,0.00,0.38,0.00,0.00,0.00,0.00%,100.00%,1.00,1.00
31,ID-SB,Sumatera Barat,0,0,0,0,8,0,1,7,Province,,Sumatera Barat,Indonesia,Asia,Sumatera,UTC+07:00,,12,7,179,230,928,42013,5519245,131.37,100.4650624,-0.850253225,0.00,1.45,0.00,0.00,0.00,0.00%,12.50%,0.00,1.00
31,ID-SS,Sumatera Selatan,3,0,0,3,5,2,1,2,Province,,Sumatera Selatan,Indonesia,Asia,Sumatera,UTC+07:00,,13,4,241,387,2853,91592,8217551,89.72,104.1694647,-3.216211808,0.37,0.61,0.00,0.24,0.02,40.00%,20.00%,,1.00
31,ID-SU,Sumatera Utara,6,2,0,4,13,4,0,9,Province,,Sumatera Utara,Indonesia,Asia,Sumatera,UTC+07:00,,25,8,450,693,5417,72981,14874889,203.82,99.05196442,2.191894453,0.40,0.87,0.13,0.27,0.03,30.77%,0.00%,1.00,
